sent_id,sent_id,entity1,entity2,sent,processed_sent,human
TRAIN_SENT_ID_272006,,文姜,宣姜,文姜 与 姊姊 宣姜 一样 是 美女 ， 且 文姜 聪慧 又 善 诗文 ， 但 在 出嫁 前 就 和 同父异母 哥哥 齐襄公 近亲 性交 。,人物一 姊姊 人物二 美女  人物一 聪慧 善 诗文  出嫁 前 同父异母 哥哥 齐襄公 近亲 性交,1
TRAIN_SENT_ID_264370,,曾国潢,曾国藩,曾国藩 四弟 曾国潢 于 咸丰 九年 （ 1859 年 ） 冬从 黄金堂 移居 修 善堂 。,人物二 四弟 人物一 咸丰 九年   年  冬从 黄金堂 移居 修 善堂,1
TRAIN_SENT_ID_267524,,扈成,扈三娘,扈成 是 《 水浒传 》 中 人物 ， 梁山 扈三娘 的 哥哥 ， 扈家庄 庄主 之子 ， 绰号 “ 飞天 虎 ” 。,人物一  水浒传  中 人物  梁山 人物二 哥哥  扈家庄 庄主 之子  绰号  飞天 虎,1
TRAIN_SENT_ID_249114,,皮皮鲁,鲁西西,比起 皮皮鲁 来说 ， 鲁西西 要 乖巧 许多 ， 但是 她 也 有 许多 惊奇 的 冒险 哦 ， 有些 还 背着 那个 古灵精怪 的 调皮 哥哥 偷偷地 进行 呢 。,比起 人物一  人物二 乖巧  惊奇 冒险  背着 古灵精怪 调皮 哥哥 偷偷地 进行,1
TRAIN_SENT_ID_267580,,吴魏,吴狄,吴魏 ， 电视剧 《 北京 爱情故事 》 中 角色 ， 吴狄 的 哥哥 ， 事业心 强 ， 深爱 伍媚 ， 是 这部 电视剧 里 最 悲剧 的 一个 人物 。,人物一  电视剧  北京 爱情故事  中 角色  人物二 哥哥  事业心 强  深爱 伍媚  这部 电视剧 里 悲剧 一个 人物,1
TRAIN_SENT_ID_271302,,李思,李念,李思 被 爆 已婚 : 早 在 2009 年 ， 李念 在 接受 网易 新闻 采访 时候 就 提到 哥哥 已婚 。,人物一 爆 已婚  早  年  人物二 接受 网易 新闻 采访 提到 哥哥 已婚,1
TRAIN_SENT_ID_261973,,郭涛,郭月,郭涛 的 表演 ， 郭月 是 每场 不 落 、 一部 不少 地 认真 观看 ， 发现 哥哥 的 问题 ， 她 马上 就 会 指出 来 。,人物一 表演  人物二 每场 落  一部 不少 认真 观看  发现 哥哥 问题  马上 会 指出,1
TRAIN_SENT_ID_267581,,吴魏,吴狄,吴魏 角色 经历 : 吴魏 ， 老好人 吴狄 的 哥哥 ， 曾经 穷困潦倒 ， 靠 自己 的 努力 创业 ， 驰骋 商场 ， 叱咤风云 ， 最后 成 了 资产 上 亿 的 成功人士 。,人物一 角色 经历  人物一  老好人 人物二 哥哥  曾经 穷困潦倒  努力 创业  驰骋 商场  叱咤风云  最后 成 资产 亿 成功人士,1
TRAIN_SENT_ID_261970,,郭涛,郭月,郭涛 在 医院 里 治疗 了 一个多月 ， 出院 时 ， 郭月 扶 着 哥哥 回家 。,人物一 医院 里 治疗 一个多月  出院 时  人物二 扶 哥哥 回家,1
TRAIN_SENT_ID_261971,,郭涛,郭月,12 月 27 日 是 郭涛 的 生日 ， 郭月 拎 了 一只 大大的 蛋糕 ， 找 来 一帮 朋友 ， 在 医院 里 为 哥哥 过生日 。,月  日 人物一 生日  人物二 拎 一只 大大的 蛋糕  找 一帮 朋友  医院 里 哥哥 过生日,1
TRAIN_SENT_ID_268195,,章子男,章子怡,章子男 ， 章子怡 的 哥哥 ， 中国 内地 经纪人 。,人物一  人物二 哥哥  中国 内地 经纪人,1
TRAIN_SENT_ID_279253,,陈泽迅,陈奕迅,陈泽迅 ， 香港 歌手 陈奕迅 的 哥哥 。,人物一  香港 歌手 人物二 哥哥,1
TRAIN_SENT_ID_255404,,罗成,秦琼,也许 秦琼 有过 很多 生死 兄弟 ， 但是 罗成 却 只有 秦琼 一个 哥哥 。,也许 人物二 有过 很多 生死 兄弟  人物一 人物二 一个 哥哥,1
TRAIN_SENT_ID_250602,,鲁西西,皮皮鲁,鲁西西 是 皮皮鲁 的 孪生 妹妹 ， 比起 她 令 老师 和 父母 头疼 的 哥哥 来 ， 她 是 家长 和 老师 们 眼中 的 优等生 ， 乖巧 懂事 ， 认真学习 ， 成绩 也 很 好 。,人物一 人物二 孪生 妹妹  比起 令 老师 父母 头疼 哥哥  家长 老师 眼中 优等生  乖巧 懂事  认真学习  成绩,1
TRAIN_SENT_ID_251817,,梅超风,黄药师,桃花岛 岛主 黄药师 门下 弟子 陈玄风 、 梅超风 ， 俩 人 学艺 未 成 ， 却 暗中 相爱 ， 又 担心 被 师父 发觉 性命不保 ， 就 偷偷 逃离 桃花岛 。,桃花岛 岛主 人物二 门下 弟子 陈玄风  人物一  俩 学艺 未 成  暗中 相爱  担心 师父 发觉 性命不保  偷偷 逃离 桃花岛,1
TRAIN_SENT_ID_250575,,鲁西西,皮皮鲁,鲁西西 皮皮鲁 的 孪生 妹妹 ， 比起 她 令 老师 和 父母 头疼 的 哥哥 来 ， 她 是 家长 和 老师 们 眼中 的 优等生 ， 乖巧 懂事 ， 认真学习 ， 成绩 也 很 好 。,人物一 人物二 孪生 妹妹  比起 令 老师 父母 头疼 哥哥  家长 老师 眼中 优等生  乖巧 懂事  认真学习  成绩,1
TRAIN_SENT_ID_267507,,裘千丈,裘千仞,裘千丈 ， 金庸 武侠小说 《 射雕 英雄传 》 中 人物 ， 铁掌 帮 帮主 裘千仞 的 双胞胎 哥哥 。,人物一  金庸 武侠小说  射雕 英雄传  中 人物  铁掌 帮 帮主 人物二 双胞胎 哥哥,1
TRAIN_SENT_ID_261969,,郭涛,郭月,郭涛 站 在 那儿 一动 也 不敢 动 ， 这时 ， 郭月 走 到 妈妈 身边 ， 摇着 妈妈 的 手 说 ： “ 妈妈 ， 是 我 饿 了 ， 我 让 哥哥 炒 的 。 ”,人物一 站 一动 不敢 动   人物二 走 妈妈 身边  摇着 妈妈 手 说   妈妈  饿  哥哥 炒,1
TRAIN_SENT_ID_252929,,颜回,孔子,临沂 ， 古称 琅 琊 ， 是 孔子 大 弟子 颜回 后裔 首次 南迁 之 地 ， 也 是 颜子 文化 发祥地 。,临沂  古称 琅 琊  人物二 弟子 人物一 后裔 首次 南迁  颜子 文化 发祥地,1
TRAIN_SENT_ID_267515,,裘千丈,裘千仞,裘千丈 ， 金庸 武侠小说 《 射雕 英雄传 》 中 人物 ， 铁掌 帮 帮主 裘千仞 的 双胞胎 哥哥 （ 详见 83 版 射雕 英雄传 ） 。,人物一  金庸 武侠小说  射雕 英雄传  中 人物  铁掌 帮 帮主 人物二 双胞胎 哥哥  详见  版 射雕 英雄传,1
TRAIN_SENT_ID_259390,,温策,温慧,从里 蜀山 进入 土属 阴性 地脉 ， 出来 后来 到 蜀山 故道 ， 遭到 温策 攻 率领 的 大军 攻山 ， 温慧 告诉 大家 哥哥 温策 是 来 追 拿 她 回去 和亲 的 。,从里 蜀山 进入 土属 阴性 地脉  后来 蜀山 故道  遭到 人物一 攻 率领 大军 攻山  人物二 告诉 哥哥 人物一 追 回去 和亲,1
TRAIN_SENT_ID_251592,,穆春,穆弘,3 人物 生平 : 故事 : 小说 中 的 穆春 ， 远 不及 他 哥哥 穆弘 有 声威 ， 以至于 哥哥 进 了 天罡 ， 而 他 却 一下子 排 在 穆春 了 80 位 。,人物 生平  故事  小说 中 人物一  远 不及 哥哥 人物二 声威  哥哥 进 天罡  一下子 排 人物一  位,1
TRAIN_SENT_ID_263397,,武修文,武敦儒,武修文 人物 评价 : 第一章 介绍 ： 那 摔破 额角 的 叫做 武敦儒 ， 是 哥哥 ， 弟弟 叫做 武修文 。,人物一 人物 评价  第一章 介绍  摔破 额角 叫做 人物二  哥哥  弟弟 叫做 人物一,1
TRAIN_SENT_ID_264959,,林一峰,林二汶,林一峰 （ 林二汶 的 哥哥 ） 、 林嘉欣 、 黄耀明 、 at17 的 另 一位 成员 卢凯彤 以及 林二汶 的 家人 朋友 分别 给 本 书写 了 很 特别 的 文字 。,人物一  人物二 哥哥   林嘉欣  黄耀明   一位 成员 卢凯彤 人物二 家人 朋友 书写 特别 文字,1
TRAIN_SENT_ID_264361,,曾国潢,曾国藩,曾国藩 因与弟 曾国葆 有 隙 ， 想以 代为 建房 而弃 前嫌 ， 故令 四弟 曾国潢 寻宝 地 ， 故 曾家 以 三十卷 谷 与 王玉阶 兑得此 屋堂 地 各 三间 草房 。,人物二 因与弟 曾国葆 隙  想以 代为 建房 而弃 前嫌  故令 四弟 人物一 寻宝  曾家 三十卷 谷 王玉阶 兑得此 屋堂 三间 草房,1
TRAIN_SENT_ID_256550,,周武,周文,管国 ， 是 中国 西周 初期 的 一个 姬姓 诸侯国 ， 国君 为 周文 王姬 昌 的 三 儿子 ， 周武 王姬 发 的 三弟 姬鲜 ， 侯爵 ， 称 管叔鲜 。,管国  中国 西周 初期 一个 姬姓 诸侯国  国君 人物二 王姬 昌 三 儿子  人物一 王姬 发 三弟 姬鲜  侯爵  称 管叔鲜,1
TRAIN_SENT_ID_273624,,马阔海,马青山,召唤 人 ： 柯胜 （ 主要 ） 、 马青山 、 马阔海 、 小 李子,召唤  柯胜  主要   人物二  人物一  李子,-1
TRAIN_SENT_ID_264564,,胡青牛,张无忌,张无忌 为 他 的 医学 师父 胡青牛 报 了 仇 ， 真是 报应 。,人物二 医学 师父 人物一 报 仇  真是 报应,-1
TRAIN_SENT_ID_275546,,王小虎,赵本山,2 表演者 : 赵本山 、 范伟 、 蔡维利 、 王小虎,表演者  人物二  范伟  蔡维利  人物一,-1
TRAIN_SENT_ID_263544,,林逸,杨明,杨明 林逸 的 师父 ， 《 很纯 很 暧昧 》 的 主角 。,人物二 人物一 师父   很纯 暧昧  主角,-1
TRAIN_SENT_ID_256907,,仲由,孔子,孔子 曰 ： “ 仲由 ！,人物二 曰   人物一,-1
TRAIN_SENT_ID_274081,,南宫敬叔,孔子,’ ” 《 史记 · 孔子 世家 》 亦 载 ： “ 鲁 南宫敬叔 言 鲁君 曰 ： ‘ 请 与 孔子 适周 。,史记  人物二 世家  载   鲁 人物一 言 鲁君 曰   请 人物二 适周,-1
TRAIN_SENT_ID_278005,,严贡生,严监生,35 《 严贡生 和 严监生 》 （ 严监生 … …,人物一 人物二   人物二,1
TRAIN_SENT_ID_265416,,薛谭,秦青,（ 元人 “ 燕南 芝庵 ” 《 论曲 》 ： “ 古善 唱者 五人 ： 秦青 、 薛谭 、 韩 秦娥 、 沈右 之 、 李存 符 。 ”,元人  燕南 芝庵   论曲    古善 唱者 五人  人物二  人物一  韩 秦娥  沈右  李存 符,-1
TRAIN_SENT_ID_277932,,薛真度,薛安都,先是 ， 憕 【 薛憕 】 从祖 真度 【 薛真度 】 与族祖 安都 【 薛安都 】 拥徐 、 兖归魏 ， 其子 怀隽 【 薛怀 隽 】 见 憕 ， 甚相 亲善 。,先是  憕  薛憕  从祖 真度  人物一  与族祖 安都  人物二  拥徐  兖归魏  其子 怀隽  薛怀 隽  见 憕  甚相 亲善,-1
TRAIN_SENT_ID_249006,,吕洞宾,韩湘子,两侧 分别 为汉 钟离 、 张果老 、 韩湘子 、 铁拐李 、 吕洞宾 、 曹国舅 、 蓝采和 、 何仙姑 的 “ 八仙 ” 泥塑 彩像 。,两侧 为汉 钟离  张果老  人物二  铁拐李  人物一  曹国舅  蓝采和  何仙姑  八仙  泥塑 彩像,-1
TRAIN_SENT_ID_251428,,李瀚章,李鸿章,这 与 李鸿章 的 大哥 李瀚章 有关 。,人物二 大哥 人物一,1
TRAIN_SENT_ID_259623,,季布,季心,在 那个 时候 ， 季心 因 勇敢 而出名 ， 季布 因重 诺言 而出名 ， 都 在 关中 名声 显著 。,人物二 勇敢 而出名  人物一 因重 诺言 而出名  关中 名声 显著,-1
TRAIN_SENT_ID_282739,,周信,吕岳,周信 ， 九龙 岛 声名 山 炼气 士 ， 吕岳 之徒 。,人物一  九龙 岛 声名 山 炼气 士  人物二 之徒,-1
TRAIN_SENT_ID_265730,,李三思,李三省,李澜 其它 含义 : 仙剑 中 人物 ， 李三思 、 李三省 、 李寿 之 父 ， 李逍遥 之 祖父 ， 李寒 空 后人 。,李澜 含义  仙剑 中 人物  人物一  人物二  李寿 父  李逍遥 祖父  李寒 空 后人,1
TRAIN_SENT_ID_264230,,陈真,霍元甲,曾 在 新版 电视剧 《 霍元甲 》 中 扮演 陈真 的 吴越 将 挑起 《 英雄 》 大梁 ， 而 他 的 “ 师父 ” 霍元甲 赵文卓 将 出任 该剧 的 武术指导 。,新版 电视剧  人物二  中 扮演 人物一 吴越 挑起  英雄  大梁   师父  人物二 赵文卓 出任 该剧 武术指导,-1
TRAIN_SENT_ID_262241,,尤二姐,尤三姐,第六十五回 贾二舍 偷 娶 尤二姐 尤三姐 思嫁 柳 二郎,第六十五回 贾二舍 偷 娶 人物一 人物二 思嫁 柳 二郎,1
TRAIN_SENT_ID_278784,,万寿公主,广德公主,（ 唐宣宗 长女 ） : 万寿公主 ， 唐宣宗 长女 ， 母 元昭皇后 晁氏 ， 同 母弟 唐懿宗 ， 母妹 广德公主 。,唐宣宗 长女   人物一  唐宣宗 长女  母 元昭皇后 晁氏  母弟 唐懿宗  母妹 人物二,1
TRAIN_SENT_ID_268923,,韩非,荀子,"他 兼取 韩非 的 峭厉 ， 荀子 的 富丽 和 扬雄 的 简古 , 融会贯通 , 形成 峭刻 幽远 、 雄健 刚直 、 简丽 自然 的 独特 风格 。",兼取 人物一 峭厉  人物二 富丽 扬雄 简古  融会贯通  形成 峭刻 幽远  雄健 刚直  简丽 自然 独特 风格,-1
TRAIN_SENT_ID_255461,,罗成,秦琼,出场 ： 《 说 唐 》 第三十九回 秦琼 三锏 倒 铜旗 罗成 枪 挑孽 世雄,出场   说 唐  第三十九回 人物二 三锏 倒 铜旗 人物一 枪 挑孽 世雄,-1
TRAIN_SENT_ID_252778,,颜回,孔子,有 灰尘 落入 锅中 ， 颜回 认为 弃之可惜 ， 拾而食 之 ， 子贡 误以为 颜回 窃食 ， 告于 孔子 。,灰尘 落入 锅中  人物一 认为 弃之可惜  拾而食  子贡 误以为 人物一 窃食  告于 人物二,-1
TRAIN_SENT_ID_269355,,王中军,王中磊,王中军 、 王中磊,人物一  人物二,1
TRAIN_SENT_ID_275227,,李梅儿,上官兰心,封 上官兰心 为 敬贤妃 ， 封 金碧瑶 为 英德 妃 ， 李梅儿 为 李选侍 。,封 人物二 敬贤妃  封 金碧瑶 英德 妃  人物一 李选侍,1
TRAIN_SENT_ID_255432,,罗成,秦琼,罗 与 秦 的 情谊 ， 罗成 是 主动 ， 秦琼 是 不得已 。,罗 秦 情谊  人物一 主动  人物二 不得已,-1
TRAIN_SENT_ID_252777,,颜回,孔子,— — — 颜廷 淦 （ 孔子 文化 研究 院长 ， 复圣 颜回 第 78 代 嫡孙 ） 我 对 三角洲 充满信心 ， 希望 张成志 在 太空 ， 路 在 脚下 ， 越走越远 。,颜廷 淦  人物二 文化 研究 院长  复圣 人物一  代 嫡孙  三角洲 充满信心  希望 张成志 太空  路 脚下  越走越远,-1
TRAIN_SENT_ID_273131,,包道乙,郑彪,方腊 派出 “ 灵应 天师 ” 包道乙 和 他 的 徒弟 “ 郑魔君 ” 郑彪 ， 以及 猎户 出身 的 将领 夏侯成 去 救应 。,方腊 派出  灵应 天师  人物一 徒弟  郑魔君  人物二  猎户 出身 将领 夏侯成 救应,-1
TRAIN_SENT_ID_260694,,王重阳,全真七子,东游 至 山东 ， 王重阳 收 马丹阳 、 孙不二 ， 王玉 阳 、 丘 长春 ， 谭长真 ， 刘长生 、 郝 太古 等 人为 徒 ， 后称 “ 全真七子 ” 。,东游 山东  人物一 收 马丹阳  孙不二  王玉 阳  丘 长春  谭长真  刘长生  郝 太古 人为 徒  后称  人物二,-1
TRAIN_SENT_ID_272006,,文姜,宣姜,文姜 与 姊姊 宣姜 一样 是 美女 ， 且 文姜 聪慧 又 善 诗文 ， 但 在 出嫁 前 就 和 同父异母 哥哥 齐襄公 近亲 性交 。,人物一 姊姊 人物二 美女  人物一 聪慧 善 诗文  出嫁 前 同父异母 哥哥 齐襄公 近亲 性交,1
TRAIN_SENT_ID_256929,,仲由,孔子,季康子 问 孔子 ： “ 仲由 这个 人 ， 可以 让 他 管理 国家 政事 吗 ？ ”,季康子 问 人物二   人物一  管理 国家 政事,-1
TRAIN_SENT_ID_264370,,曾国潢,曾国藩,曾国藩 四弟 曾国潢 于 咸丰 九年 （ 1859 年 ） 冬从 黄金堂 移居 修 善堂 。,人物二 四弟 人物一 咸丰 九年   年  冬从 黄金堂 移居 修 善堂,1
TRAIN_SENT_ID_250336,,赵飞燕,赵合德,不久 ， 赵飞燕 被 册封 为 皇后 ， 赵合德 也 成 了 昭仪 ， 然而 这 一切 ， 都 与 她 毫不相干 了 。,不久  人物一 册封 皇后  人物二 成 昭仪   毫不相干,1
TRAIN_SENT_ID_255273,,卫夫人,王羲之,在 书法 方面 ， 与 王羲之 并称 “ 钟王 ” ， 其 书体 称为 “ 钟体 ” ， 卫夫人 、 王羲之 的 师承 。,书法 方面  人物二 并称  钟王   书体 称为  钟体   人物一  人物二 师承,-1
TRAIN_SENT_ID_267157,,靳月光,靳月华,刘聪 娶 中护军 靳准 的 两个 女儿 靳月光 、 靳月华 ， 把 靳月光 立为 上 皇后 ， 把 刘贵妃 立为 左 皇后 ， 把 靳月华 立为 右 皇后 。,刘聪 娶 中护军 靳准 两个 女儿 人物一  人物二  人物一 立为 皇后  刘贵妃 立为 左 皇后  人物二 立为 右 皇后,1
TRAIN_SENT_ID_265401,,薛谭,秦青,汤问 》 载 ， 歌者 秦青 相 送 薛谭 ， “ 饯于 郊衢 ， 抚节 悲歌 ， 声振林木 ， 响遏行云 ” 。,汤问  载  歌者 人物二 相 送 人物一   饯于 郊衢  抚节 悲歌  声振林木  响遏行云,-1
TRAIN_SENT_ID_249537,,李蔡,李广,2 、 “ 李蔡 ” 两句 ： 言 李广 虽 功勋卓著 ， 却终 无 封侯之 赏 。,人物一  两句  言 人物二 功勋卓著  却终 封侯之 赏,-1
TRAIN_SENT_ID_263549,,林逸,杨明,沈雨 昔 林逸 的 师娘 之一 ， 杨明 的 妻子 之一 。,沈雨 昔 人物一 师娘  人物二 妻子,1
TRAIN_SENT_ID_249540,,李蔡,李广,2 词语 解释 : 指 李广 从弟 李蔡 。,词语 解释  指 人物二 从弟 人物一,-1
TRAIN_SENT_ID_259618,,季布,季心,季布 弟 季心 ， 气盖 关中 ， 遇人 恭谨 ， 为 任侠 ， 方 数千里 ， 士皆争 为 之 死 。,人物一 弟 人物二  气盖 关中  遇人 恭谨  任侠  方 数千里  士皆争 死,-1
TRAIN_SENT_ID_266035,,贾珍,贾惜春,3 . 贾敬 生 贾珍 （ 长子 ） 、 贾惜春 （ 长女 ） ；,贾敬 生 人物一  长子   人物二  长女,1
TRAIN_SENT_ID_259676,,公孙胜,罗真人,第五十三回 戴宗 智取 公孙胜 ， 李逵 斧劈 罗真人,第五十三回 戴宗 智取 人物一  李逵 斧劈 人物二,-1
TRAIN_SENT_ID_277511,,甄子菁,甄子丹,甄子菁 ， 著名 功夫 影星 甄子丹 的 妹妹 。,人物一  著名 功夫 影星 人物二 妹妹,1
TRAIN_SENT_ID_257493,,姜昆,马季,《 风格 赞 》 表演者 ： 马季 、 赵炎 、 刘伟 、 姜昆 、 冯巩 等,风格 赞  表演者  人物二  赵炎  刘伟  人物一  冯巩,-1
TRAIN_SENT_ID_281760,,李仲宣,李仲寓,周娥皇 ， 南唐 司徒 周宗 长女 ， 李煜 第一任 皇后 ， 育二子 ： 李仲寓 和 李仲宣 。,周娥皇  南唐 司徒 周宗 长女  李煜 第一任 皇后  育二子  人物二 人物一,1
TRAIN_SENT_ID_256951,,仲由,孔子,及观 《 史 》 ， 见 孔子 厄于 陈 、 蔡 之间 ， 而 弦歌 之声 不绝 ， 颜渊 、 仲由 之徒 相与 问答 。,及观  史   见 人物二 厄于 陈  蔡 之间  弦歌 之声 不绝  颜渊  人物一 之徒 相与 问答,-1
TRAIN_SENT_ID_252530,,颜回,孔子,傅 教授 引用 孔子 、 颜回 、 子路 和 自己 的 人生 体悟 ， 认为 ， 儒家 的 人 知道 自己 为什么 而活 ， 自己 的 人生 使命 是 什么 ， 所以 很 快乐 。,傅 教授 引用 人物二  人物一  子路 人生 体悟  认为  儒家 知道 而活  人生 使命  快乐,-1
TRAIN_SENT_ID_281994,,陈宇风,陈熙锋,出生 在 高雄 ， 家里 有 四兄弟 — — 大哥 、 二哥 ， 陈熙锋 和 陈宇风 则 是 双胞胎 。,出生 高雄  家里 四兄弟   大哥  二哥  人物二 人物一 双胞胎,1
TRAIN_SENT_ID_263539,,林逸,杨明,周 佳佳 林逸 的 师娘 之一 ， 杨明 的 妻子 之一 。,周 佳佳 人物一 师娘  人物二 妻子,1
TRAIN_SENT_ID_267795,,万剑一,林惊羽,斩 龙剑 ： 林惊羽 佩剑 ， 也 是 九天 神兵 ， 并且 一往无前 ， 原 持有者 为 青云 不 出世 的 奇才 万剑一 。,斩 龙剑  人物二 佩剑  九天 神兵  一往无前  原 持有者 青云 出世 奇才 人物一,-1
TRAIN_SENT_ID_259941,,周志文,周志康,"主持 ： 周志文 , 周志康",主持  人物一  人物二,1
TRAIN_SENT_ID_269003,,韩非,荀子,其中 比较 重要 的 是 儒 、 墨 、 道 、 法 四家 ， 而 《 论语 》 《 孟子 》 《 墨子 》 《 老子 》 《 庄子 》 《 荀子 》 《 韩非 子 》 则 是 这 四家 的 代表 著作 。,比较 重要 儒  墨  道  法 四家   论语   孟子   墨子   老子   庄子   人物二   人物一 子  四家 代表 著作,-1
TRAIN_SENT_ID_271218,,和硕温恪公主,和硕敦恪公主,怡贤 亲王 胤 祥 胞妹 : 十三 格格 和硕温恪公主 （ 1687 年 ~ 1709 年 ） 和 十五 格格 和硕敦恪公主 （ 1691 年 ~ 1709 年 ） 。,怡贤 亲王 胤 祥 胞妹  十三 格格 人物一   年   年  十五 格格 人物二   年   年,1
TRAIN_SENT_ID_249539,,李蔡,李广,李贤 ： “ 汉兴 ， 义渠 公孙贺 、 傅介子 ， 成纪 李广 、 李蔡 ， 上 邽 赵充国 ， 狄道 辛武贤 ， 皆 名将 也 。 ”,李贤   汉兴  义渠 公孙贺  傅介子  成纪 人物二  人物一  邽 赵充国  狄道 辛武贤  皆 名将,-1
TRAIN_SENT_ID_255279,,卫夫人,王羲之,教 王羲之 书法 : 东晋 著名 的 书法家 王羲之 ， 书法 的 启蒙 老师 叫卫铄 ， 是 很 有名气 的 女 书法家 ， 人们 称 她 卫夫人 。,教 人物二 书法  东晋 著名 书法家 人物二  书法 启蒙 老师 叫卫铄  有名气 女 书法家  称 人物一,1
TRAIN_SENT_ID_261565,,南宫敬叔,孟懿子,前 524 年 ， 孟僖子 将 死 ， 嘱咐 二 子 （ 孟懿子 与 南宫敬叔 ） 师侍 孔子 。,前  年  孟僖子 死  嘱咐 二 子  人物二 人物一  师侍 孔子,1
TRAIN_SENT_ID_270590,,全真七子,王重阳,14 、 想 检验 武功 的话 试试 王重阳 和 全真七子 的 天罡 北斗 阵 ， 多数 是 有去无回 。,想 检验 武功 试试 人物二 人物一 天罡 北斗 阵  多数 有去无回,-1
TRAIN_SENT_ID_259637,,公孙胜,罗真人,第五十三回 戴宗 二取 公孙胜 李逵 斧劈 罗真人,第五十三回 戴宗 二取 人物一 李逵 斧劈 人物二,-1
TRAIN_SENT_ID_284538,,范瑞亭,沈竹善,沈竹善 - - 冯振声 、 孙伯珍 、 卢德俊 、 张星 武 、 范瑞亭,人物二   冯振声  孙伯珍  卢德俊  张星 武  人物一,-1
TRAIN_SENT_ID_248996,,吕洞宾,韩湘子,道观 建成 ， 同祀 吕洞宾 、 韩湘子 ， “ 其名 青羊 二仙 庵 ， 所以 辅翼 修行 ， 即 青羊宫 之 别馆 也 。,道观 建成  同祀 人物一  人物二   其名 青羊 二仙 庵  辅翼 修行  青羊宫 别馆,-1
TRAIN_SENT_ID_259750,,李偲菘,李伟菘,杜德伟 － 情话 假假 李偲菘 1995 年 : AlanHo 与 李伟菘 开办 了 “ 李伟菘 音乐课 室 ” 教导 歌唱 训练班 及 作曲 入门 班 的 课程 。,杜德伟  情话 假假 人物一  年   人物二 开办  人物二 音乐课 室  教导 歌唱 训练班 作曲 入门 班 课程,-1
TRAIN_SENT_ID_259937,,周志文,周志康,周志文 、 周志康 亲身 来到 西湖 ， 感受 当地 的 恬静 ， 解构 西湖 如何 由 浅浅的 海湾 ， 孕育出 人间 胜景 。,人物一  人物二 亲身 来到 西湖  感受 恬静  解构 西湖 浅浅的 海湾  孕育出 人间 胜景,-1
TRAIN_SENT_ID_259372,,葛玄,左慈,《 长葛县 志 》 载 ： “ 昔 吴人 葛玄 ， 从 左慈 受九丹 金液 仙经 ， 世号 葛仙翁 。,长葛县 志  载   昔 吴人 人物一  人物二 受九丹 金液 仙经  世号 葛仙翁,-1
TRAIN_SENT_ID_259360,,葛玄,左慈,葛洪 《 抱朴子 · 金丹 篇 》 载 “ 左慈 是 葛玄 之师 ， 传其 《 太清丹经 》 三卷 ， 及 《 九鼎 丹经 》 、 《 金液 丹经 》 各 一卷 。 ”,葛洪  抱朴子  金丹 篇  载  人物二 人物一 之师  传其  太清丹经  三卷   九鼎 丹经    金液 丹经  一卷,-1
TRAIN_SENT_ID_249290,,陆无双,程英,8 陆无双 和 程英 / 80,人物一 人物二,1
TRAIN_SENT_ID_257784,,林平之,岳不群,与 岳不群 : 何宝生 版 林平之 ( 42 张 ),人物二  何宝生 版 人物一   张,1
TRAIN_SENT_ID_278053,,郭麒麟,于谦,于谦 — — 郭麒麟 （ 郭德纲 之子 ） 、 冯阔洋 、 太 荣剑,人物二   人物一  郭德纲 之子   冯阔洋  太 荣剑,1
TRAIN_SENT_ID_282977,,张洪顺,侯耀华,张洪顺 基本 资料 : 姓名 ： 张洪 与 师傅 侯耀华 合影 顺,人物一 基本 资料  姓名  张洪 师傅 人物二 合影,-1
TRAIN_SENT_ID_262251,,尤二姐,尤三姐,六十五 回 贾二舍 偷 娶 尤二姐 尤三姐 思嫁 柳 二郎,六十五 回 贾二舍 偷 娶 人物一 人物二 思嫁 柳 二郎,1
TRAIN_SENT_ID_257477,,姜昆,马季,《 传谣 》 表演者 ： 马季 、 赵炎 、 刘伟 、 姜昆,传谣  表演者  人物二  赵炎  刘伟  人物一,-1
TRAIN_SENT_ID_261347,,何猷启,何超莲,何猷启 生于 1991 年 5 月 9 日 ， 是 赌王 何鸿燊 与 三 姨太 陈婉珍 的 儿子 ， 同胞 姐姐 为 何超莲 。,人物一 生于  年  月  日  赌王 何鸿燊 三 姨太 陈婉珍 儿子  同胞 姐姐 人物二,1
TRAIN_SENT_ID_261437,,毛泽建,毛泽东,毛泽建 烈士 生平 简介 1919 年 ， 毛泽东 的 母亲 病逝 ， 第二年 春 上 ， 毛泽东 的 父亲 也 去世 了 。,人物一 烈士 生平 简介  年  人物二 母亲 病逝  第二年 春  人物二 父亲 去世,1
TRAIN_SENT_ID_253858,,赵合德,赵飞燕,其 孪生 妹妹 赵合德 ， 在 姐姐 赵飞燕 得宠 后 ， 经由 姊姊 的 关系 ， 她 亦 入宫 随侍 汉成帝 ， 并 深得 皇帝 宠爱 。,孪生 妹妹 人物一  姐姐 人物二 得宠  经由 姊姊 关系  入宫 随侍 汉成帝  深得 皇帝 宠爱,1
TRAIN_SENT_ID_273370,,杨锐,张之洞,张之洞 急电 挽救 他 的 得意门生 杨锐 而 不得 ， 为此 ， 他 深感 痛惜 。,人物二 急电 挽救 得意门生 人物一   深感 痛惜,-1
TRAIN_SENT_ID_261087,,张豪龙,张柏文,舅舅 ： 张柏文 ， 张豪龙 香港 演员 、 滑水 运动员,舅舅  人物二  人物一 香港 演员  滑水 运动员,1
TRAIN_SENT_ID_285959,,谢天顺,郭荣起,郭荣起 ― ― 常宝霆 、 郭宝 明 、 杜 三宝 、 杨少华 、 谢天顺 、 张宝 如,人物二 ― ― 常宝霆  郭宝 明  杜 三宝  杨少华  人物一  张宝,-1
TRAIN_SENT_ID_256918,,仲由,孔子,孔子 为 避鲁乱 曾 到 此 讲学 ， 亲见 仲由 率 百姓 负米 筑堤 盛况 ， 叹 曰 ： “ 由 也 ， 事亲 可谓 生 ， 事 尽力 矣 。 ”,人物二 避鲁乱 讲学  亲见 人物一 率 百姓 负米 筑堤 盛况  叹 曰    事亲 可谓 生  事 尽力,1
TRAIN_SENT_ID_252834,,颜回,孔子,第十三回 孔子 重操旧业 颜回 见 （ 黑出 ） 荆妻,第十三回 人物二 重操旧业 人物一 见  黑出  荆妻,-1
TRAIN_SENT_ID_283371,,刘义融,刘义庆,母亲 ： 长沙 妃 檀氏字 宪子 ， 谥 景定 ， 出自 高平 平阳 檀氏 刘义融 兄弟 : 刘义欣 、 刘义庆 、 刘义宗 、 刘义宾 、 刘义綦 。,母亲  长沙 妃 檀氏字 宪子  谥 景定  出自 高平 平阳 檀氏 人物一 兄弟  刘义欣  人物二  刘义宗  刘义宾  刘义綦,1
TRAIN_SENT_ID_252713,,颜回,孔子,◎ 颜回 将 西游 ， 问于 孔子 曰 ： 「 何以 为身 ？,◎ 人物一 西游  问于 人物二 曰   为身,-1
TRAIN_SENT_ID_268998,,韩非,荀子,孔子 ﹑ 墨子 ﹑ 孟子 ﹑ 荀子 ﹑ 韩非 等 是 其中 的 佼佼者 。,孔子  墨子  孟子  人物二  人物一 佼佼者,-1
TRAIN_SENT_ID_251885,,曹薰铉,李昌镐,第 3 局 模仿 之战 黑方 曹薰铉 白方 李昌镐,局 模仿 之战 黑方 人物一 白方 人物二,-1
TRAIN_SENT_ID_285188,,韩小莹,韩宝驹,师父 ： 柯镇恶 、 朱聪 、 韩宝驹 、 南希仁 、 张阿生 、 全金发 、 韩小莹 、 北丐 洪七公 、 蒙古 神箭手 哲别,师父  柯镇恶  朱聪  人物二  南希仁  张阿生  全金发  人物一  北丐 洪七公  蒙古 神箭手 哲别,-1
TRAIN_SENT_ID_259796,,李偲菘,李伟菘,- - - - - - 李偲菘 李伟菘,人物一 人物二,1
TRAIN_SENT_ID_250383,,赵飞燕,赵合德,红颜 祸水 汉成帝 刘骜 皇后 赵飞燕 、 昭仪 赵合德 姐妹,红颜 祸水 汉成帝 刘骜 皇后 人物一  昭仪 人物二 姐妹,1
TRAIN_SENT_ID_257240,,艾欧里亚,艾俄洛斯,艾俄洛斯 二 、 家庭 生活 ： : 艾俄洛斯 （ 一 ） 居所 ： : 艾欧里亚 群岛 共有 七座 岛屿 ， 风神 艾俄洛斯 居住 在 其中 一个 岛上 。,人物二 二  家庭 生活   人物二   居所   人物一 群岛 共有 七座 岛屿  风神 人物二 居住 一个 岛上,1
TRAIN_SENT_ID_261643,,宋小宝,赵本山,赵本山 也 曾多次 想带 爱徒 宋小宝 上 春晚 ， 但 都 因为 作品 不 理想 、 身体状况 不 允许 等 原因 半路 “ 夭折 ” 。,人物二 曾多次 想带 爱徒 人物一 春晚  作品 理想  身体状况 允许 原因 半路  夭折,-1
TRAIN_SENT_ID_251905,,曹薰铉,李昌镐,在 李昌镐 、 曹薰铉 盛行于 世 的 今天 ， 胡耀宇 依然 保持 着 对 小林光一 的 偏好 。,人物二  人物一 盛行于 世 今天  胡耀宇 依然 保持 小林光一 偏好,-1
TRAIN_SENT_ID_264955,,林一峰,林二汶,林一峰 、 林二汶,人物一  人物二,1
TRAIN_SENT_ID_272680,,蓝兰,张晓,整容 后 的 蓝兰 、 张晓 的 亲姐姐 ， 原 跟 张晓 长得 一模一样 ， 后来 整容 。,整容 人物一  人物二 亲姐姐  原 人物二 长得 一模一样  后来 整容,1
TRAIN_SENT_ID_259778,,李偲菘,李伟菘,李伟菘 与 李偲菘 制作 了 梁咏琪 的 第二张 专辑 的 五 首歌 ， 包括 ： “ 爱 不能 成 ” ， “ 我们 的 笑 很 相 ” 等 。,人物二 人物一 制作 梁咏琪 第二张 专辑 五 首歌  包括   爱 不能 成    笑 相,-1
TRAIN_SENT_ID_273678,,姜子牙,元始天尊,姜子牙 归国 封神 ， 太 上 无极 混元 教主 元始天尊 敕 曰 ： 呜呼 ！,人物一 归国 封神  太 无极 混元 教主 人物二 敕 曰,-1
TRAIN_SENT_ID_268949,,韩非,荀子,荀子 ： 和 孔子 、 孟子 等 齐名 的 大 学问家 ， 韩非 和 李斯 的 师父 。,人物二  孔子  孟子 齐名 学问家  人物一 李斯 师父,-1
TRAIN_SENT_ID_264873,,田猛,田虎,在 烈山 堂堂 主 田猛 葬礼 上 随着 堂主 田虎 前来 吊唁 。,烈山 堂堂 主 人物一 葬礼 堂主 人物二 前来 吊唁,-1
TRAIN_SENT_ID_249047,,吕洞宾,韩湘子,正式 定型 为汉 钟离 （ 或 钟离权 ） 、 张果老 、 韩湘子 、 铁拐李 、 吕洞宾 、 何仙姑 、 蓝采和 及 曹国舅 。,正式 定型 为汉 钟离  钟离权   张果老  人物二  铁拐李  人物一  何仙姑  蓝采和 曹国舅,-1
TRAIN_SENT_ID_257565,,毛泽民,毛泽东,毛远志 （ 1923 - 1990 ） ， 湖南 韶山 人 ， 是 毛泽民 和 王淑兰 的 女儿 ， 毛泽东 唯一 的 亲 侄女 。,毛远志       湖南 韶山  人物一 王淑兰 女儿  人物二 唯一 亲 侄女,1
TRAIN_SENT_ID_269403,,刘伟,马季,《 找 名牌 》 表演者 ： 刘伟 、 马季,找 名牌  表演者  人物一  人物二,-1
TRAIN_SENT_ID_267589,,骆赢,骆羽,女 运动员 : 赵芸蕾 、 马晋 、 骆赢 、 骆羽 、 王仪涵 、 于洋 、 李雪芮 、 唐渊渟,女 运动员  赵芸蕾  马晋  人物一  人物二  王仪涵  于洋  李雪芮  唐渊渟,1
TRAIN_SENT_ID_263381,,武修文,武敦儒,有二子 武敦儒 、 武修文 ， 妻子 武三娘 ， 义女 何沅君 。,有二子 人物二  人物一  妻子 武三娘  义女 何沅君,1
TRAIN_SENT_ID_267577,,吴魏,吴狄,不是 疯子 ， 不是 吴狄 ， 而是 吴魏 。,疯子  人物二  人物一,1
TRAIN_SENT_ID_271278,,马季,侯宝林,师父 ： 侯宝林 师爷 ： 朱阔泉 师兄 ： 黄铁良 、 马季 、 殷培田 、 丁广泉 、 师胜杰 等 。,师父  人物二 师爷  朱阔泉 师兄  黄铁良  人物一  殷培田  丁广泉  师胜杰,-1
TRAIN_SENT_ID_251607,,穆春,穆弘,穆春 人物 经历 : 穆春 人物 出身 : 穆春 是 江州 揭阳 镇 人氏 ， 出身 富户 ， 因其兄 穆弘 绰号 没 遮拦 ， 故 此人 称小 遮拦 。,人物一 人物 经历  人物一 人物 出身  人物一 江州 揭阳 镇 人氏  出身 富户  因其兄 人物二 绰号 没 遮拦  此人 称小 遮拦,1
TRAIN_SENT_ID_276991,,樊迟,孔子,孔子 的 仁学 思想 最 基本 、 最 核心 的 宗旨 就是 “ 爱人 ” （ 《 论语 · 颜渊 》 ） ： “ 樊迟 问仁 ， 孔 曰 ： 爱人 。 ”,人物二 仁学 思想 基本  核心 宗旨  爱人    论语  颜渊     人物一 问仁  孔 曰  爱人,-1
TRAIN_SENT_ID_268983,,韩非,荀子,《 尸子 》 的 “ 审 名分 ” 理论 ， 和 荀子 、 韩非 、 道家 的 一些 思想 也 是 息息相通 的 。,尸子   审 名分  理论  人物二  人物一  道家 思想 息息相通,-1
TRAIN_SENT_ID_277825,,傅清,傅恒,侄 ： 富察 · 广成 、 富察 · 傅文 、 富察 · 傅清 、 富察 · 傅恒 。,侄  富察  广成  富察  傅文  富察  人物一  富察  人物二,-1
TRAIN_SENT_ID_279110,,王维筠,金仲仁,金仲仁 收 王维秋 、 王维筠 为徒 。,人物二 收 王维秋  人物一 为徒,-1
TRAIN_SENT_ID_253862,,赵合德,赵飞燕,汉成帝 宠幸 的 赵飞燕 、 赵合德 姐妹 即住 在 昭阳 宫 。,汉成帝 宠幸 人物二  人物一 姐妹 即住 昭阳 宫,1
TRAIN_SENT_ID_282078,,陈长兴,陈秉旺,陈秉旺 与 陈长兴 168,人物二 人物一,1
TRAIN_SENT_ID_257802,,林平之,岳不群,林平之 与 岳不群 反目 后 ， 劳德诺 出现 力邀 其往 嵩山 共谋 。,人物一 人物二 反目  劳德诺 出现 力邀 其往 嵩山 共谋,-1
TRAIN_SENT_ID_252822,,颜回,孔子,孔子 不 听 ， 颜回 为 驭 ， 子贡 为 右 ， 往见 盗 跖 。,人物二 听  人物一 驭  子贡 右  往见 盗 跖,-1
TRAIN_SENT_ID_250400,,赵飞燕,赵合德,六月 ， 封 赵飞燕 为 皇后 ， 封 赵合德 为昭仪 ， 大赦天下 。,六月  封 人物一 皇后  封 人物二 为昭仪  大赦天下,1
TRAIN_SENT_ID_255423,,罗成,秦琼,020 回 （ 秦琼 与 罗成 传枪 递锏 ）,回  人物二 人物一 传枪 递锏,-1
TRAIN_SENT_ID_269724,,薛洋,薛之荔,薛洋 、 薛之荔 的 父亲 ， 富商 ， 性格内向 ， 沉稳 ， 手下 对 他 都 很 忠心 。,人物一  人物二 父亲  富商  性格内向  沉稳  手下 忠心,1
TRAIN_SENT_ID_253107,,颜回,孔子,前面 为 卷 棚式 走廊 ， 启 圣殿 内 供奉 有 孔子 及四配 ， 分别 是 颜回 、 曾 参 、 子思 、 孟子 。,前面 卷 棚式 走廊  启 圣殿 供奉 人物二 及四配  人物一  参  子思  孟子,-1
TRAIN_SENT_ID_269441,,刘伟,马季,《 一仆二主 》 表演者 ： 马季 、 刘伟 、 赵炎,一仆二主  表演者  人物二  人物一  赵炎,-1
TRAIN_SENT_ID_249075,,吕洞宾,韩湘子,早先 ， 道士 在 庙会 期间 弹唱 竹琴 《 韩湘子 》 、 《 吕洞宾 成仙 》 ， 是 为了 宣传 道教 教义 。,早先  道士 庙会 期间 弹唱 竹琴  人物二    人物一 成仙   宣传 道教 教义,-1
TRAIN_SENT_ID_254249,,张顺,张横,张横 骤马 追上 ， 张顺 急 叫 ： “ 哥哥 休中 他 拖 刀计 ！ ”,人物二 骤马 追上  人物一 急   哥哥 休中 拖 刀计,1
TRAIN_SENT_ID_256900,,仲由,孔子,雍 也 译文 : 季康子 问 孔子 ： “ 仲由 这个 人 ， 可以 让 他 管理 国家 政事 吗 ？ ”,雍 译文  季康子 问 人物二   人物一  管理 国家 政事,-1
TRAIN_SENT_ID_252807,,颜回,孔子,大成殿 是 供奉 孔子 的 大殿 ， 正中 供祀 孔子像 ， 两侧 配祀 颜回 、 曾 参 、 孟轲 等 十二 哲像 。,大成殿 供奉 人物二 大殿  正中 供祀 人物二像  两侧 配祀 人物一  参  孟轲 十二 哲像,-1
TRAIN_SENT_ID_255301,,卫夫人,王羲之,王羲之 留下 的 书法 论文 有 《 题 卫夫人 ( 笔阵 图 ) 后 》 、 《 书论 》 、 《 笔势 论 十二章 》 、 《 用笔 赋 》 、 《 记 白云 先生 书诀 》 等 。,人物二 留下 书法 论文  题 人物一  笔阵 图     书论    笔势 十二章    用笔 赋    记 白云 先生 书诀,-1
TRAIN_SENT_ID_276218,,姜丽文,姜文杰,姜文杰 姜丽文,人物二 人物一,1
TRAIN_SENT_ID_277433,,魏国夫人,柳奭,唐高宗 大怒 ， 有意 废后 ， 并 严禁 魏国夫人 入宫 ， 将 柳奭 贬为 遂 州 刺史 。,唐高宗 大怒  有意 废后  严禁 人物一 入宫  人物二 贬为 遂 州 刺史,1
TRAIN_SENT_ID_255344,,沈东篱,沈南枝,沈东篱 与 沈南枝 正 额头 抵着 额头 ， 笑 得 一脸 阳光 。,人物一 人物二 正 额头 抵着 额头  笑 一脸 阳光,-1
TRAIN_SENT_ID_273372,,杨锐,张之洞,二 、 光绪 二十一年 三月 至 二十二年 正月 杨锐 给 张之洞 的 密电 及 光绪 二十二年 正月 给 张之洞 的 密信,二  光绪 二十一年 三月 二十二年 正月 人物一 人物二 密电 光绪 二十二年 正月 人物二 密信,1
TRAIN_SENT_ID_279427,,文媚儿,文蔷,文媚儿 闻听 文蔷 在 司徒 家 养伤 ， 十分 气愤 。,人物一 闻听 人物二 司徒 家 养伤  十分 气愤,1
TRAIN_SENT_ID_269351,,王中军,王中磊,王中磊 、 王中军,人物二  人物一,1
TRAIN_SENT_ID_253012,,颜回,孔子,历代 文人学士 对 颜回 推尊 有加 ， 自 汉高帝 以 颜回 配享 孔子 、 祀 以 太牢 ， 历代帝王 封赠 有加 。,历代 文人学士 人物一 推尊 有加  汉高帝 人物一 配享 人物二  祀 太牢  历代帝王 封赠 有加,-1
TRAIN_SENT_ID_253044,,颜回,孔子,入为 吏部 郎中 ， 言 孔子 庙 自 颜回 以降 ， 皆 爵命 于朝 ， 冠冕 居正 ， 而子 鲤 、 孙伋乃野 服幅巾 以 祭 ， 为 不称 。,入为 吏部 郎中  言 人物二 庙 人物一 以降  皆 爵命 于朝  冠冕 居正  而子 鲤  孙伋乃野 服幅巾 祭  不称,-1
TRAIN_SENT_ID_248976,,吕洞宾,韩湘子,一日 ， 游经 城北 玉屏 峰 ， 见 韩湘子 、 吕洞宾 、 张果老 等 八仙 从 东边 天际 乘 祥云 飘然而至 ， 坐在 石莲 峰山 上 吹拉弹唱 。,一日  游经 城北 玉屏 峰  见 人物二  人物一  张果老 八仙 东边 天际 祥云 飘然而至  坐在 石莲 峰山 吹拉弹唱,-1
TRAIN_SENT_ID_261346,,何猷启,何超莲,大 女儿 何超云 ( FlorindaHo ) ， 于 1989 年 出生 ， 龙 鳯 胎 是 妹妹 和 弟弟 何超莲 和 何猷启 。,女儿 何超云      年 出生  龙 鳯 胎 妹妹 弟弟 人物二 人物一,1
TRAIN_SENT_ID_273361,,杨锐,张之洞,杨锐 百日维新 : 光绪 二十四年 （ 1898 年 ） ， 张之洞 推荐 杨锐 应征 经济 特科 。,人物一 百日维新  光绪 二十四年   年   人物二 推荐 人物一 应征 经济 特科,1
TRAIN_SENT_ID_253048,,颜回,孔子,这里 除 孔子 之外 还 安放 了 孔子 的 四位 高徒 （ 颜子 - 颜回 、 曾子 、 思子 - 子思 、 孟子 ） 的 塑像 加以 祭祀 。,人物二 之外 安放 人物二 四位 高徒  颜子  人物一  曾子  思子  子思  孟子  塑像 祭祀,-1
TRAIN_SENT_ID_252543,,颜回,孔子,颜回 以 品德 操守 高尚 闻名 ， 孔子 称赞 他 仁爱 。,人物一 品德 操守 高尚 闻名  人物二 称赞 仁爱,-1
TRAIN_SENT_ID_259364,,葛玄,左慈,左慈 人物 思想 : 左慈 、 葛玄 、 郑隐 尊奉 何神 ， 无 直接 材料 可 考 。,人物二 人物 思想  人物二  人物一  郑隐 尊奉 何神  直接 材料 考,-1
TRAIN_SENT_ID_252685,,颜回,孔子,书 中原 讲 孔子 门生 颜回 贫寒 ， 饮食 极为 简陋 的 状况 。,书 中原 讲 人物二 门生 人物一 贫寒  饮食 极为 简陋 状况,-1
TRAIN_SENT_ID_252607,,颜回,孔子,孝理 这 东西 可谓 博大精深 ， 只有 大贤 之 人才 能 懂得 其中 的 奥妙 ， 为什么 孔子 不 对 颜回 传授 ， 而 要 寄托 给 曾 参 呢 ？ ”,孝理 东西 可谓 博大精深  大贤 人才 懂得 奥妙  人物二 人物一 传授  寄托 参,-1
TRAIN_SENT_ID_252601,,颜回,孔子,孔子 · 颜回 · 曾 参 · 孔伋 · 孟子,人物二  人物一  参  孔伋  孟子,-1
TRAIN_SENT_ID_252567,,颜回,孔子,他 是 颜回 （ 颜渊 ） 的 父亲 ， 父子俩 曾 先后 在 孔子 门下 求学 。,人物一  颜渊  父亲  父子俩 先后 人物二 门下 求学,1
TRAIN_SENT_ID_253138,,颜回,孔子,三楼 大成殿 ， 主奉 至圣 孔子 ， 复圣 颜回 、 宗圣曾子 、 述 圣子 思 、 亚圣孟子 ， 旁祀 魁星 爷 、 文昌帝君 及 七十二 先贤 、 先儒 。,三楼 大成殿  主奉 至圣 人物二  复圣 人物一  宗圣曾子  述 圣子 思  亚圣孟子  旁祀 魁星 爷  文昌帝君 七十二 先贤  先儒,-1
TRAIN_SENT_ID_256922,,仲由,孔子,仲由 孔子 评价 : 子 曰 ： “ 由 也好 勇过 我 ， 无 所 取材 。 ”,人物一 人物二 评价  子 曰   勇过  取材,-1
TRAIN_SENT_ID_257215,,张子静,张爱玲,（ 张子静 ） 想起 张爱玲 ， 总是 想起 钻石 。,人物一  想起 人物二  总是 想起 钻石,-1
TRAIN_SENT_ID_261086,,张豪龙,张柏文,弟弟 ： 张柏文 ， 张豪龙,弟弟  人物二  人物一,1
TRAIN_SENT_ID_259743,,李偲菘,李伟菘,萧煌奇 、 李偲菘 、 李伟菘 、 姚若龙 、 崔惟楷 、 小安 、 马嵩 惟 、 吴易纬 、 徐世珍 、 小安,萧煌奇  人物一  人物二  姚若龙  崔惟楷  小安  马嵩 惟  吴易纬  徐世珍  小安,-1
TRAIN_SENT_ID_257589,,毛泽民,毛泽东,1994 《 毛泽东 、 杨开慧 、 毛泽民 等七人 像 》 湖南 韶山,人物二  杨开慧  人物一 等七人  湖南 韶山,1
TRAIN_SENT_ID_250432,,赵飞燕,赵合德,在 姐姐 赵飞燕 得宠 后 ， 经由 姊姊 的 关系 ， 赵合德 亦 入宫 随侍 汉成帝 ， 并 深得 皇帝 宠爱 。,姐姐 人物一 得宠  经由 姊姊 关系  人物二 入宫 随侍 汉成帝  深得 皇帝 宠爱,1
TRAIN_SENT_ID_255357,,贾午,贾南风,她 21 岁 嫁给 贾充 作 继室 ， 生二女 二子 ， 长女 名 贾南风 ， 次女 为 贾午 ， 一 子 名为 贾黎 民 。,岁 嫁给 贾充 作 继室  生二女 二子  长女 名 人物二  次女 人物一  子 名为 贾黎 民,1
TRAIN_SENT_ID_262726,,周厚恩,周厚安,育有 一男一女 ， 分别 是 周厚安 和 周厚恩 ， 。,育有 一男一女  人物二 人物一,1
TRAIN_SENT_ID_261568,,南宫敬叔,孟懿子,连鲁 大夫 孟僖子 其子 孟懿子 和 南宫敬叔 来学礼 ， 可见 孔子 办学 已 名闻遐迩 。,连鲁 大夫 孟僖子 其子 人物二 人物一 来学礼  孔子 办学 名闻遐迩,-1
TRAIN_SENT_ID_251414,,李瀚章,李鸿章,李文安 有六子 ， 李瀚章 居长 ， 李鸿章 居次 ， 以下 依次 为 李鹤章 、 李蕴章 、 李凤章 、 李昭庆 。,李文安 有六子  人物一 居长  人物二 居次  以下 依次 李鹤章  李蕴章  李凤章  李昭庆,-1
TRAIN_SENT_ID_257033,,洪敬尧,洪荣宏,洪荣宏 、 洪敬尧,人物二  人物一,1
TRAIN_SENT_ID_271219,,和硕温恪公主,和硕敦恪公主,十三 爷党 胞妹 : 十三 公主 和硕温恪公主 （ 1687 年 ~ 1709 年 ） 和 十五 公主 和硕敦恪公主 （ 1691 年 ~ 1709 年 ） 。,十三 爷党 胞妹  十三 公主 人物一   年   年  十五 公主 人物二   年   年,1
TRAIN_SENT_ID_260939,,杨露禅,陈长兴,五 、 陈长兴 ： 打破 门规 传艺 杨露禅,五  人物二  打破 门规 传艺 人物一,-1
TRAIN_SENT_ID_272007,,文姜,宣姜,9 . 从 宣姜 到 文姜,人物二 人物一,1
TRAIN_SENT_ID_268817,,洪凌波,李莫愁,曾斗 之 人 ： 李莫愁 ， 洪凌波 ， 公孙止 ， 完颜萍 等,曾斗  人物二  人物一  公孙止  完颜萍,-1
TRAIN_SENT_ID_265728,,李三思,李三省,3 其它 含义 : 仙剑 中 人物 ， 李三思 、 李三省 、 李寿 之 父 ， 李逍遥 之 祖父 ， 李寒 空 后人 。,含义  仙剑 中 人物  人物一  人物二  李寿 父  李逍遥 祖父  李寒 空 后人,1
TRAIN_SENT_ID_267537,,宋师道,宋玉华,家庭 ： 长女 宋玉华 、 次子 宋师道 、 三女 宋玉致 、 二弟 “ 地剑 ” 宋智 、 三弟 “ 银龙 ” 宋鲁 、 长婿 解 文龙 、 次婿 “ 少帅 ” 寇仲,家庭  长女 人物二  次子 人物一  三女 宋玉致  二弟  地剑  宋智  三弟  银龙  宋鲁  长婿 解 文龙  次婿  少帅  寇仲,1
TRAIN_SENT_ID_266864,,尤二姐,尤氏,尤二姐 人物 简介 : 新版 红楼梦 尤二姐 尤二姐 ， 贾珍 妻 尤氏 的 异母 妹 ， 是 尤老娘 前夫 所 生 ， 后 尤老娘 改嫁 尤家时 随来 。,人物一 人物 简介  新版 红楼梦 人物一 人物一  贾珍 妻 人物二 异母 妹  尤老娘 前夫 生  尤老娘 改嫁 尤家时 随来,1
TRAIN_SENT_ID_266877,,尤二姐,尤氏,尤二姐 : 人物 介绍 : 尤二姐 ， 贾珍 妻 尤氏 的 异母 妹 ， 是 尤老娘 前夫 所 生 ， 后 尤老娘 改嫁 尤家时 随来 。,人物一  人物 介绍  人物一  贾珍 妻 人物二 异母 妹  尤老娘 前夫 生  尤老娘 改嫁 尤家时 随来,1
TRAIN_SENT_ID_250378,,赵飞燕,赵合德,Ⅱ 被 历史 涂抹 的 赵飞燕 、 赵合德,Ⅱ 历史 涂抹 人物一  人物二,-1
TRAIN_SENT_ID_251535,,陈辅,陈靖仇,5 . 公元 601 年 ， 陈国镇 国之宝 ， 由 陈辅 交由 陈国 少主 陈靖仇 手中 。,公元  年  陈国镇 国之宝  人物一 交由 陈国 少主 人物二 手中,1
TRAIN_SENT_ID_286096,,赵姝,孙悦,孙悦 首徒 赵姝 2009 向 梦想 启航 … …,人物二 首徒 人物一  梦想 启航,1
TRAIN_SENT_ID_260596,,金敬姬,金正日,金正日 逝世 后 ， 金敬姬 被 看成 金正恩 “ 最 亲近 的 保护 人 ” 。,人物二 逝世  人物一 看成 金正恩  亲近 保护,1
TRAIN_SENT_ID_267152,,靳月光,靳月华,建元 元年 （ 315 年 ） 三月 ， 靳月光 被 封为 上 皇后 ， 靳月华 被 封为 右 皇后 。,建元 元年   年  三月  人物一 封为 皇后  人物二 封为 右 皇后,1
TRAIN_SENT_ID_270972,,李易霏,李昂融,她们 是 － － 李易霏 李昂融 。,人物一 人物二,1
TRAIN_SENT_ID_273676,,姜子牙,元始天尊,封 神台 是 元始天尊 命 姜子牙 在 岐山 修建 ， 上 张挂 封神榜 。,封 神台 人物二 命 人物一 岐山 修建  张挂 封神榜,-1
TRAIN_SENT_ID_267516,,裘千丈,裘千仞,洪朝丰 （ 裘千仞 / 裘千丈 ）,洪朝丰  人物二  人物一,1
TRAIN_SENT_ID_268464,,单联全,冯一非,随后 ， 冯一非 与 单联全 推出 的 《 我 的 老爹 》 ， 同样 社会 反响强烈 ， 赞誉声 不绝于耳 。,人物二 人物一 推出  老爹   同样 社会 反响强烈  赞誉声 不绝于耳,-1
TRAIN_SENT_ID_255186,,赵海燕,赵本山,赵本山 赵海燕 田娃 刘小光 喜剧 短片 : 《 出奇制胜 》,人物二 人物一 田娃 刘小光 喜剧 短片   出奇制胜,-1
TRAIN_SENT_ID_267444,,唐继虞,唐继尧,1912 年 （ 民国 元年 ） ， 其兄 唐继尧 任 贵州 都督 ， 唐继虞 任 贵州 军警 局局长 （ 翌年 ， 任 警察厅 厅长 ） 。,年  民国 元年   其兄 人物二 贵州 都督  人物一 贵州 军警 局局长  翌年  警察厅 厅长,1
TRAIN_SENT_ID_271297,,吕祖俭,吕祖谦,吕祖谦 去世 后 ， 弟 吕祖俭 承兄志 传道 讲学 。,人物二 去世  弟 人物一 承兄志 传道 讲学,1
TRAIN_SENT_ID_262199,,陈靖仇,陈辅,陈靖仇 ： 师承 陈辅 ， 水平 马马虎虎 。,人物一  师承 人物二  水平 马马虎虎,-1
TRAIN_SENT_ID_259356,,葛玄,左慈,左慈 、 葛玄 、 郑隐 尊奉 何神 ， 无 直接 材料 可 考 。,人物二  人物一  郑隐 尊奉 何神  直接 材料 考,-1
TRAIN_SENT_ID_259374,,葛玄,左慈,葛洪 《 抱朴子 · 金丹 篇 》 载 ， 左慈 是 葛玄 之师 。,葛洪  抱朴子  金丹 篇  载  人物二 人物一 之师,-1
TRAIN_SENT_ID_282923,,骆玉笙,韩永禄,刘宝全 白云鹏 阎秋霞 骆玉笙 韩永禄 孙书 筠 王文禄 金万昌 籍薇,刘宝全 白云鹏 阎秋霞 人物一 人物二 孙书 筠 王文禄 金万昌 籍薇,-1
TRAIN_SENT_ID_283485,,俞莲舟,张三丰,武当派 历来 高手如云 ， 前有 张三丰 ， 后 又 宋远桥 、 俞莲舟 、 俞岱岩 等 。,武当派 历来 高手如云  前有 人物二  宋远桥  人物一  俞岱岩,-1
TRAIN_SENT_ID_252859,,颜回,孔子,殿内 ， 供奉 着 孔子 冕旒 坐像 和 颜回 、 孔伋 、 曾 参 、 孟子 的 四圣 坐像 。,殿内  供奉 人物二 冕旒 坐像 人物一  孔伋  参  孟子 四圣 坐像,-1
TRAIN_SENT_ID_252731,,颜回,孔子,和 圣 柳下惠 柳下惠 人物 简介 : 孔子 为 至圣 ， 孟子为 亚圣 ， 颜回 为 复圣 ， 曾 参为 宗圣 ， 和 圣为 柳下惠,圣 柳下惠 柳下惠 人物 简介  人物二 至圣  孟子为 亚圣  人物一 复圣  参为 宗圣  圣为 柳下惠,-1
TRAIN_SENT_ID_270569,,全真七子,王重阳,王重阳 与 全真七子,人物二 人物一,1
TRAIN_SENT_ID_249264,,皮皮鲁,鲁西西,皮皮鲁 分身 记 鲁西西 和 豆芽 兵,人物一 分身 记 人物二 豆芽 兵,-1
TRAIN_SENT_ID_252871,,颜回,孔子,’ ” 邢昺 疏 ： “ 此章 亦 以 颜回 早卒 ， 孔子 痛惜 之 ， 为 之作 譬 也 。,邢昺 疏   此章 人物一 早卒  人物二 痛惜  之作 譬,-1
TRAIN_SENT_ID_283593,,周晓方,孙钟秀,2.9 金志 权 ， 周晓方 ， 孙钟秀 ， “ 一种 分布式 数据处理 模型 ” ， 电子学 报 ， Vol .,金志 权  人物一  人物二   一种 分布式 数据处理 模型   电子学 报,-1
TRAIN_SENT_ID_275473,,李汉俊,李书城,李书城 解放初期 任 农林 部长 ， 人大 常委 ， 其弟 李汉俊 为 中共一大 湖北 代表 ， 他家 即 中共一大 会址 。,人物二 解放初期 农林 部长  人大 常委  其弟 人物一 中共一大 湖北 代表  他家 中共一大 会址,-1
TRAIN_SENT_ID_252992,,颜回,孔子,《 淮南子 · 人间 训 》 ： “ 人 或 问 孔子 曰 ： ‘ 颜回 何如 人 也 ？,淮南子  人间 训    问 人物二 曰   人物一 何如,-1
TRAIN_SENT_ID_253841,,赵合德,赵飞燕,赵飞燕 · 赵合德,人物二  人物一,1
TRAIN_SENT_ID_253152,,颜回,孔子,庙 内 正中 祀 孔子 塑像 ， 两旁 为 四配 （ 颜回 、 曾 参 、 孔及 、 孟轲 ） 。,庙 正中 祀 人物二 塑像  两旁 四配  人物一  参  孔及  孟轲,-1
TRAIN_SENT_ID_259673,,公孙胜,罗真人,《 水浒传 》 第五 三回 ： “ 罗真人 问 公孙胜 道 ： ‘ 此 二位 何来 ？,水浒传  第五 三回   人物二 问 人物一 道   二位 何来,-1
TRAIN_SENT_ID_249538,,李蔡,李广,李贤 ： 汉兴 ， 义渠 公孙贺 、 傅介子 ， 成纪 李广 、 李蔡 ， 上 邽 赵充国 ， 狄道 辛武贤 ， 皆 名将 也 。,李贤  汉兴  义渠 公孙贺  傅介子  成纪 人物二  人物一  邽 赵充国  狄道 辛武贤  皆 名将,-1
TRAIN_SENT_ID_260949,,杨露禅,陈长兴,清道光 年间 ， 陈氏 十四 世 陈长兴 打破 门规 ， 收 河北人 杨露禅 为徒 。,清道光 年间  陈氏 十四 世 人物二 打破 门规  收 河北人 人物一 为徒,-1
TRAIN_SENT_ID_278007,,严贡生,严监生,11 严监生 与 严贡生,人物二 人物一,1
TRAIN_SENT_ID_272412,,方兰生,方如沁,方如沁 ， 女 ， 23 岁 ， 是 国产 RPG 游戏 《 古剑 奇谭 ： 琴心 剑魄 今何在 》 中 的 配角 ， 方兰生 的 二姐 。,人物二  女   岁  国产  游戏  古剑 奇谭  琴心 剑魄 今何在  中 配角  人物一 二姐,1
TRAIN_SENT_ID_259671,,公孙胜,罗真人,第五十二回 戴宗 二取 公孙胜 李逵 独劈 罗真人,第五十二回 戴宗 二取 人物一 李逵 独劈 人物二,-1
TRAIN_SENT_ID_260724,,王重阳,全真七子,它 是 为了 纪念 道教 全真 派 的 创始人 王喆 即 《 射雕 英雄传 》 中 全真七子 的 师傅 — — 王重阳 而 修建 的 。,纪念 道教 全真 派 创始人 王喆  射雕 英雄传  中 人物二 师傅   人物一 修建,-1
TRAIN_SENT_ID_273671,,姜子牙,元始天尊,/ 昆仑 派 据说 是 师承 玉清 元始天尊 ， 世界 上 是 有 姜子牙 所 创 ， 是 凡间 除 天龙 教 以外 实力 最强 ， 历史 最 悠久 的 门派 之一 。,昆仑 派 据说 师承 玉清 人物二  世界 人物一 创  凡间 天龙 教 以外 实力 最强  历史 悠久 门派,-1
TRAIN_SENT_ID_281763,,李仲宣,李仲寓,九月 ， 封 长子 李仲寓 为 清源 公 ， 次子 李仲宣 为 宣城 公 。,九月  封 长子 人物二 清源 公  次子 人物一 宣城 公,1
TRAIN_SENT_ID_267460,,唐继虞,唐继尧,回到 云南省 后 ， 唐继虞 被 任命 为 云南 陆军 训练 总监 ， 被 视为 兄长 唐继尧 的 后继者 。,回到 云南省  人物一 任命 云南 陆军 训练 总监  视为 兄长 人物二 后继者,1
TRAIN_SENT_ID_263546,,林逸,杨明,校花 的 贴身 高手 杨明 : 林逸 的 师父 ， 前作 《 很纯 很 暧昧 》 的 主角 。,校花 贴身 高手 人物二  人物一 师父  前作  很纯 暧昧  主角,-1
TRAIN_SENT_ID_255407,,罗成,秦琼,秦琼 、 罗成 。,人物二  人物一,1
TRAIN_SENT_ID_259785,,李偲菘,李伟菘,港台 ： 袁惟仁 、 李宗盛 、 李偲菘 、 李伟菘 、 涂惠源 、 季忠平 、 钟兴民 、 林迈可 、 屠颖 、 汪一平,港台  袁惟仁  李宗盛  人物一  人物二  涂惠源  季忠平  钟兴民  林迈可  屠颖  汪一平,-1
TRAIN_SENT_ID_250381,,赵飞燕,赵合德,传说 赵合德 生 得 体态 丰腴 ， 较 赵飞燕 更得 皇帝 宠爱 ， 留下 温柔乡 和 祸水 的 典故 。,传说 人物二 生 体态 丰腴  人物一 更得 皇帝 宠爱  留下 温柔乡 祸水 典故,1
TRAIN_SENT_ID_250385,,赵飞燕,赵合德,赵飞燕 的 父亲 叫 冯 万金 ， 做 江都 王府 里 的 舍人 ， 与 江都王 的 孙女 姑苏 郡主 私通 ， 生下 了 赵飞燕 和 赵合德 两个 孪生姐妹 。,人物一 父亲 冯 万金  做 江都 王府 里 舍人  江都王 孙女 姑苏 郡主 私通  生下 人物一 人物二 两个 孪生姐妹,1
TRAIN_SENT_ID_267719,,裴元庆,裴翠云,裴翠云 将 裴元庆 接到 瓦岗 ， 魏征 为 其 治病 ， 很快 痊愈 。,人物二 人物一 接到 瓦岗  魏征 治病  很快 痊愈,-1
TRAIN_SENT_ID_264567,,胡青牛,张无忌,在 蝶 谷医仙 胡青牛 逝世 以后 ， 张无忌 堪称 当 世 第一 名医 。,蝶 谷医仙 人物一 逝世 以后  人物二 堪称 世 第一 名医,-1
TRAIN_SENT_ID_271265,,马季,侯宝林,其实 冯巩 与 姜昆 、 刘伟 等 人 是 一辈 ， 他们 的 祖师爷 是 马三立 ， 而 师爷 则 是 侯宝林 ， 马季 只能 算是 他们 的 师父 。,其实 冯巩 姜昆  刘伟 一辈  祖师爷 马三立  师爷 人物二  人物一 只能 算是 师父,-1
TRAIN_SENT_ID_261428,,毛泽建,毛泽东,1924 年 以 优异 的 成绩 考入 湖南省 立 第三 女子 师范学校 ， 同 毛泽东 堂妹 毛泽建 同班 读书 ， 结为 挚友 。,年 优异 成绩 考入 湖南省 立 第三 女子 师范学校  人物二 堂妹 人物一 同班 读书  结为 挚友,1
TRAIN_SENT_ID_284542,,范瑞亭,沈竹善,沈竹善 ― ― 冯振声 、 孙伯珍 、 卢德俊 、 张星 武 、 范瑞亭,人物二 ― ― 冯振声  孙伯珍  卢德俊  张星 武  人物一,-1
TRAIN_SENT_ID_261612,,宋小宝,赵本山,赵本山 、 宋小宝 、 赵海燕 、 孙丽荣,人物二  人物一  赵海燕  孙丽荣,-1
TRAIN_SENT_ID_274108,,南宫敬叔,孔子,南宫敬叔 人物 简介 : 前 518 年 ， 孟僖子 临终 之前 ， 让 孟懿子 、 南宫敬叔 都 要 将 孔子 作为 老师 。,人物一 人物 简介  前  年  孟僖子 临终 之前  孟懿子  人物一 人物二 老师,1
TRAIN_SENT_ID_267538,,宋师道,宋玉华,宋缺 人物 介绍 : 家庭成员 ： 二弟 宋智 ， 族弟 宋鲁 ， 长女 宋玉华 ， 女婿 解 文龙 ， 幼女 宋玉致 ， 女婿 寇仲 ， 次子 宋师道 ， 儿媳 商秀珣 。,宋缺 人物 介绍  家庭成员  二弟 宋智  族弟 宋鲁  长女 人物二  女婿 解 文龙  幼女 宋玉致  女婿 寇仲  次子 人物一  儿媳 商秀珣,1
TRAIN_SENT_ID_257443,,姜昆,马季,马季 、 姜昆 、 杨振华 的 有 一些 作品 是 成功 的 例证 。,人物二  人物一  杨振华 作品 成功 例证,-1
TRAIN_SENT_ID_281390,,姜王后,姜文焕,姜桓楚 和 姜王后 被 纣王 无端 杀害 ， 姜文焕 悲愤交加 ， 自立 为 东伯侯 ， 竖起 反商 大旗 ， 是 八百 路 诸侯 中 第一个 造反 的 。,姜桓楚 人物一 纣王 无端 杀害  人物二 悲愤交加  自立 东伯侯  竖起 反商 大旗  八百 路 诸侯 中 第一个 造反,-1
TRAIN_SENT_ID_269366,,王中军,王中磊,王中军 、 王中磊 兄弟,人物一  人物二 兄弟,1
TRAIN_SENT_ID_259783,,李偲菘,李伟菘,李伟菘 李偲菘,人物二 人物一,1
TRAIN_SENT_ID_253034,,颜回,孔子,所以 ， 孔子 多次 赞扬 颜回 。,人物二 多次 赞扬 人物一,-1
TRAIN_SENT_ID_276970,,樊迟,孔子,桥板 七十二条 ， 隐喻 孔子 七十二 贤人 ； 外行 第 7 条石 断为 两截 ， 象征 被 逐出 孔门 的 叛徒 樊迟 。,桥板 七十二条  隐喻 人物二 七十二 贤人  外行  条石 断为 两截  象征 逐出 孔门 叛徒 人物一,-1
TRAIN_SENT_ID_255303,,卫夫人,王羲之,李矩 有子 ， 名 李充 ， 文学家 ， 善 楷书 ， 世咸重 之 ， 为 中书 侍郎 ， 经史子集 分类 即 从 充始 ， 母亲 卫夫人 即 王羲之 书法 老师 。,李矩 有子  名 李充  文学家  善 楷书  世咸重  中书 侍郎  经史子集 分类 充始  母亲 人物一 人物二 书法 老师,1
TRAIN_SENT_ID_252391,,颜回,孔子,曾 参以 他 的 建树 ， 终于 走进 大儒 殿堂 ， 与 孔子 、 孟子 、 颜子 （ 颜回 ） 、 子思 比肩 共 称为 五大 圣人 。,参以 建树  终于 走进 大儒 殿堂  人物二  孟子  颜子  人物一   子思 比肩 共 称为 五大 圣人,-1
TRAIN_SENT_ID_274685,,冯国纶,冯国经,第六位 至 第十位 顺序 分别 为 米 高嘉 道理 、 吴光正 、 陈廷骅 、 冯国纶 及 冯国经 。,第六位 第十位 顺序 米 高嘉 道理  吴光正  陈廷骅  人物一 人物二,-1
TRAIN_SENT_ID_252755,,颜回,孔子,昔 孔子 叹 颜回 ， 以为 三月 不违 仁者 ， 盖观 其 心耳 。,昔 人物二 叹 人物一  三月 不违 仁者  盖观 心耳,-1
TRAIN_SENT_ID_271224,,和硕温恪公主,和硕敦恪公主,海宽 之 女 ， 生 爱新觉罗 · 胤 祥 、 和硕温恪公主 、 和硕敦恪公主 。,海宽 女  生 爱新觉罗  胤 祥  人物一  人物二,1
TRAIN_SENT_ID_261166,,王缙,王维,唐代宗 曾誉 之 为 “ 天下 文宗 ” （ 《 答 王缙 进 王维 集表 诏 》 ） 。,唐代宗 曾誉  天下 文宗    答 人物一 进 人物二 集表 诏,-1
TRAIN_SENT_ID_269443,,刘伟,马季,《 送别 》 表演者 ： 刘伟 、 马季,送别  表演者  人物一  人物二,-1
TRAIN_SENT_ID_253005,,颜回,孔子,毛泽东 对此 篇 的 评论 与 运用 和 孔子 的 重心 相合 ， 也 推崇 颜回 ， 重视 中庸 。,毛泽东 对此 篇 评论 运用 人物二 重心 相合  推崇 人物一  重视 中庸,-1
TRAIN_SENT_ID_282812,,陈俊凌,陈克忠,学大架 的 跟 陈照丕 ， 学小架 的 挑 了 陈伯祥 、 陈俊凌 、 陈启 亮 ， 跟着 陈克忠 学 。,学大架 陈照丕  学小架 挑 陈伯祥  人物一  陈启 亮  跟着 人物二 学,-1
TRAIN_SENT_ID_252483,,颜回,孔子,武德 旧制 ， 释奠于 太学 ， 以 周公为 先圣 ， 孔子 配飨 ； 玄龄 等 建议 停 祭 周公 ， 以 孔子 为 先圣 ， 颜回 配飨 。,武德 旧制  释奠于 太学  周公为 先圣  人物二 配飨  玄龄 建议 停 祭 周公  人物二 先圣  人物一 配飨,-1
TRAIN_SENT_ID_277314,,刘至翰,刘致妤,刘至翰 、 刘致妤,人物一  人物二,1
TRAIN_SENT_ID_252609,,颜回,孔子,孔子 是 十九岁 娶 亓官氏 的 ， 颜回 晚 一年 ， 应是 二十岁 婚配 ， 而 不是 三十岁 。,人物二 十九岁 娶 亓官氏  人物一 晚 一年  应是 二十岁 婚配  三十岁,1
TRAIN_SENT_ID_255277,,卫夫人,王羲之,因 流传 很广 ， 此姑存 其旧 ， 仍列 卫夫人 后 ， 参见 王羲之 《 题 卫夫人 （ 笔阵 图 ） 后 》 。,流传 很广  此姑存 其旧  仍列 人物一  参见 人物二  题 人物一  笔阵 图,-1
TRAIN_SENT_ID_259930,,周志文,周志康,周志文 和 周志康 ： 香港 艺员,人物一 人物二  香港 艺员,1
TRAIN_SENT_ID_250420,,赵飞燕,赵合德,后 又 废 许皇后 ， 立 赵飞燕 为 后 ， 赵飞燕 之妹 赵合德 亦 被 立为 昭仪 ， 两姐妹 专宠 后宫 ， 显赫一时 。,废 许皇后  立 人物一  人物一 之妹 人物二 立为 昭仪  两姐妹 专宠 后宫  显赫一时,1
TRAIN_SENT_ID_251891,,曹薰铉,李昌镐,半决赛 ： 李昌镐 2 : 0 曹薰铉 赵治勋 2 : 0 聂卫平,半决赛  人物二    人物一 赵治勋    聂卫平,-1
TRAIN_SENT_ID_257583,,毛泽民,毛泽东,王淑兰 简介 : 王淑兰 ， 毛泽东 的 弟媳 ， 毛泽民 的 第一位 妻子,王淑兰 简介  王淑兰  人物二 弟媳  人物一 第一位 妻子,1
TRAIN_SENT_ID_276920,,樊迟,孔子,樊迟 向 孔子 请教 如何 种 庄稼 。,人物一 人物二 请教 种 庄稼,-1
TRAIN_SENT_ID_259646,,公孙胜,罗真人,483 第五十三回 戴宗 智取 公孙胜 李逵 斧劈 罗真人,第五十三回 戴宗 智取 人物一 李逵 斧劈 人物二,-1
TRAIN_SENT_ID_259654,,公孙胜,罗真人,后 在 罗真人 指点 下 ， 公孙胜 、 马灵 至 马耳山 华光 庙 请 得 华光大帝 除得 此 鬼 。,人物二 指点  人物一  马灵 马耳山 华光 庙 请 华光大帝 除得 鬼,-1
TRAIN_SENT_ID_265558,,张崇基,张崇德,《 齐来 唱 新歌 》 - 张崇基 、 张崇德 儿歌 金曲 颁奖典礼 1994 年度 : 《 Hasayakee 》 - 陈奕,齐来 唱 新歌   人物一  人物二 儿歌 金曲 颁奖典礼  年度      陈奕,-1
TRAIN_SENT_ID_252789,,颜回,孔子,儒家 四圣 ： 至圣 孔子 ， 复圣 颜回 ， 宗圣曾子 ， 亚圣孟子 ；,儒家 四圣  至圣 人物二  复圣 人物一  宗圣曾子  亚圣孟子,-1
TRAIN_SENT_ID_249028,,吕洞宾,韩湘子,随后 ， 吕洞宾 、 张果老 、 曹国舅 、 铁拐李 、 韩湘子 、 蓝采和 也 纷纷 将 各自 宝物 抛入 水中 ， 借助 宝物 大显神通 ， 游 向 东海 。,人物一  张果老  曹国舅  铁拐李  人物二  蓝采和 纷纷 宝物 抛入 水中  借助 宝物 大显神通  游 东海,-1
TRAIN_SENT_ID_257212,,霍建元,霍建华,霍建元 是 著名演员 霍建华 的 哥哥 ， 警员 专修班 二十 期 毕业 ， 现任 台北市 南港 分局 旧庄 派出所 所长 。,人物一 著名演员 人物二 哥哥  警员 专修班 二十 期 毕业  现任 台北市 南港 分局 旧庄 派出所 所长,1
TRAIN_SENT_ID_254270,,张顺,张横,% 张家 兄弟 ： 张横 、 张顺 齐 上阵 ， 法术 攻击 增加 6,张家 兄弟  人物二  人物一 齐 上阵  法术 攻击 增加,1
TRAIN_SENT_ID_262276,,尤二姐,尤三姐,（ 《 红楼梦 》 中 的 二 尤 ） : 红楼 二 尤即 指 尤二姐 和 尤三姐 两个 人 。,红楼梦  中 二 尤   红楼 二 尤即 指 人物一 人物二 两个,1
TRAIN_SENT_ID_252782,,颜回,孔子,— — 孔子 与 颜回,人物二 人物一,1
TRAIN_SENT_ID_272014,,文姜,宣姜,— — 春秋 之 宣姜 、 文姜,春秋 人物二  人物一,-1
TRAIN_SENT_ID_268965,,韩非,荀子,7 ． 《 荀子 与 韩非 法治 思想 之 比较 》 ， 独撰 ， 《 山东 公安 专科学校 学报 》 ， 2003 年 3 期 ， ISSN1008 — 5246 。,．  人物二 人物一 法治 思想 比较   独撰   山东 公安 专科学校 学报    年  期,-1
TRAIN_SENT_ID_253148,,颜回,孔子,四配 塑像 位于 孔子 神龛 前 东西 两侧 ， 每 两位 一龛 ， 东为 颜回 、 孔伋 ， 西为 曾 参 、 孟轲 。,四配 塑像 位于 人物二 神龛 前 东西 两侧  两位 一龛  东为 人物一  孔伋  西为 参  孟轲,-1
TRAIN_SENT_ID_252833,,颜回,孔子,孔子 质问 颜回 ， 颜回 如实 答 之 ， 误 始得 解 。,人物二 质问 人物一  人物一 如实 答  误 始得 解,-1
TRAIN_SENT_ID_266041,,贾珍,贾惜春,3 . 贾敬 生 贾珍 ( 长子 ) 、 贾惜春 ( 长女 ) ；,贾敬 生 人物一  长子   人物二  长女,1
TRAIN_SENT_ID_252527,,颜回,孔子,④ “ 颜乐 ” 句 ， 赞扬 孔子 ， 颜回 安贫乐道 精神 。,④  颜乐  句  赞扬 人物二  人物一 安贫乐道 精神,-1
TRAIN_SENT_ID_259366,,葛玄,左慈,左慈 人物 成就 : 左慈 戏耍 诸侯 ， 以 方术 名闻 当 世 ， 收 葛玄 为徒 。,人物二 人物 成就  人物二 戏耍 诸侯  方术 名闻 世  收 人物一 为徒,-1
TRAIN_SENT_ID_250359,,赵飞燕,赵合德,后 汉成帝 宠爱 赵飞燕 、 赵合德 姐妹 ， 许皇后 、 班婕妤 相继 失宠 ， 许皇后 废入 长定 宫 ， 班婕妤 前去 侍奉 太后 。,汉成帝 宠爱 人物一  人物二 姐妹  许皇后  班婕妤 相继 失宠  许皇后 废入 长定 宫  班婕妤 前去 侍奉 太后,1
TRAIN_SENT_ID_274689,,冯国纶,冯国经,冯汉柱 一直 在 香港 主理 利丰 公司 ， 他 有 两个 儿子 ， 长子 冯国经 ， 次子 冯国纶 。,冯汉柱 一直 香港 主理 利丰 公司  两个 儿子  长子 人物二  次子 人物一,1
TRAIN_SENT_ID_259748,,李偲菘,李伟菘,李偲菘 、 李伟菘 、 文雅 、 刘沁 、 吴梦奇 等 也 纷纷 为 张靓颖 本张 专辑 操刀 。,人物一  人物二  文雅  刘沁  吴梦奇 纷纷 张靓颖 本张 专辑 操刀,-1
TRAIN_SENT_ID_259371,,葛玄,左慈,2 人物 成就 : 左慈 戏耍 诸侯 ， 以 方术 名闻 当 世 ， 收 葛玄 为徒 。,人物 成就  人物二 戏耍 诸侯  方术 名闻 世  收 人物一 为徒,-1
TRAIN_SENT_ID_274087,,南宫敬叔,孔子,相传 孔子 与 南宫敬叔 适周 问礼于 老聃 ， 问 乐于 苌 弘 。,相传 人物二 人物一 适周 问礼于 老聃  问 乐于 苌 弘,-1
TRAIN_SENT_ID_252702,,颜回,孔子,李翱 认为 道统 自先 王传圣 人 ( 孔子 ) ， 再 经 颜回 、 子路 、 曾皙 三人 传子思 ， 子思传 孟子 ， 孟子 传 公孙丑 、 万章 等 。,李翱 认为 道统 自先 王传圣  人物二   人物一  子路  曾皙 三人 传子思  子思传 孟子  孟子 传 公孙丑  万章,-1
TRAIN_SENT_ID_256901,,仲由,孔子,仲 村镇 简介 : 仲村 是 一代 圣贤 孔子 的 得意门生 仲由 的 故里 ， 是 历史 上 的 四大 文明 古镇 之一 。,仲 村镇 简介  仲村 一代 圣贤 人物二 得意门生 人物一 故里  历史 四大 文明 古镇,-1
TRAIN_SENT_ID_256834,,孙周,孙淳,孙周 、 孙淳 ( 上 ）,人物一  人物二,1
TRAIN_SENT_ID_278845,,于海,李连杰,《 少林寺 》 让 观众 着迷 的 是 ， 李连杰 的 一招一式 刚柔相济 ， 于海 的 螳螂拳 出神入化 ， 胡坚强 的 地趟 拳腾落 舒展 ， 于承惠 的 醉 剑 游龙 似凤 。,少林寺  观众 着迷  人物二 一招一式 刚柔相济  人物一 螳螂拳 出神入化  胡坚强 地趟 拳腾落 舒展  于承惠 醉 剑 游龙 似凤,-1
TRAIN_SENT_ID_252615,,颜回,孔子,」 孔子 不 听 ， 颜回 为 驭 ， 子贡 为 右 ， 往见 盗 跖 。,人物二 听  人物一 驭  子贡 右  往见 盗 跖,-1
TRAIN_SENT_ID_264555,,胡青牛,张无忌,张无忌 悟性 : 胡青牛 见 他 悟性 奇高 … …,人物二 悟性  人物一 见 悟性 奇高,-1
TRAIN_SENT_ID_259657,,公孙胜,罗真人,第五十三回 戴宗 智取 公孙胜 李逵 斧劈 罗真人,第五十三回 戴宗 智取 人物一 李逵 斧劈 人物二,-1
TRAIN_SENT_ID_284529,,孙明瑞,何海霞,得 何海霞 大师 真传 后 ， 孙明瑞 又 得 长安 画派 石鲁 、 罗铭 、 方济众 、 赵 望去 等 名师 指点 ， 画艺大进 。,人物二 大师 真传  人物一 长安 画派 石鲁  罗铭  方济众  赵 望去 名师 指点  画艺大进,-1
TRAIN_SENT_ID_268948,,韩非,荀子,墨子 谈 平等 ， 孟子 谈 民主 ， 庄子 谈 自由 ， 荀子 谈 民权 ， 韩非 谈 法治 。,墨子 谈 平等  孟子 谈 民主  庄子 谈 自由  人物二 谈 民权  人物一 谈 法治,-1
TRAIN_SENT_ID_252524,,颜回,孔子,樵夫 答 ： “ 刚才 大人 所弹 的 是 孔子 叹 颜回 。,樵夫 答   刚才 大人 所弹 人物二 叹 人物一,-1
TRAIN_SENT_ID_250393,,赵飞燕,赵合德,远山 眉 基本 信息 : 汉 赵飞燕 妹合德 ， 为 薄眉 ， 号 “ 远山 黛 ” ， 见伶玄 《 赵飞燕 外传 》 赵合德 。,远山 眉 基本 信息  汉 人物一 妹合德  薄眉  号  远山 黛   见伶玄  人物一 外传  人物二,-1
TRAIN_SENT_ID_277958,,杨少华,郭荣起,郭荣起 — — 常宝霆 、 郭宝 明 、 杜 三宝 、 杨少华 、 谢天顺 、 张宝 如,人物二   常宝霆  郭宝 明  杜 三宝  人物一  谢天顺  张宝,-1
TRAIN_SENT_ID_256949,,仲由,孔子,然而 读书无用 论 ， 由来已久 ， 最古 的 主张 者 也许 是 孔子 的 得意 门徒 仲由 ， 即 子路 ， 他 的 那句 “ 以 此言 之 ， 何学 之 有 ？ ”,读书无用  由来已久  最古 主张 也许 人物二 得意 门徒 人物一  子路  那句  此言  何学,-1
TRAIN_SENT_ID_283851,,侯耀文,赵佩茹,贾仑 师徒关系 : 师承 ： 师爷 ： 赵佩茹 师父 ： 侯耀文,贾仑 师徒关系  师承  师爷  人物二 师父  人物一,-1
TRAIN_SENT_ID_252714,,颜回,孔子,孔子 谓 颜回 曰 ： “ 吾 服 汝 也 忘 ， 而汝服 于 我 也 亦 忘 。,人物二 谓 人物一 曰   吾 服 汝 忘  而汝服 忘,-1
TRAIN_SENT_ID_268448,,和硕敦恪公主,和硕温恪公主,生一子 二女 ： 和硕 怡 亲王 胤 祥 、 和硕温恪公主 、 和硕敦恪公主 。,生一子 二女  和硕 怡 亲王 胤 祥  人物二  人物一,1
TRAIN_SENT_ID_264951,,云中子,雷震子,云中子 作罢 诗 ， 命 雷震子 ； “ 随 我 进洞 来 。 ”,人物一 作罢 诗  命 人物二   进洞,-1
TRAIN_SENT_ID_282632,,尹天雪,尹天奇,"“ 御剑 山庄 ” 果真 在 十五 月 圆之夜 迎来 了 投帖 之 人 , 她 竟是 五年 前 失踪 的 山庄 大 小姐 尹天雪 , 也 是 现任 庄主 尹天奇 唯一 的 亲 妹妹 。",御剑 山庄  十五 月 圆之夜 迎来 投帖  竟是 五年 前 失踪 山庄 小姐 人物一  现任 庄主 人物二 唯一 亲 妹妹,1
TRAIN_SENT_ID_272407,,方兰生,方如沁,孙月言 也 见到 了 方兰生 的 二姐 方如沁 ， 方如沁 十分满意 孙月言 。,孙月言 见到 人物一 二姐 人物二  人物二 十分满意 孙月言,1
TRAIN_SENT_ID_277957,,杨少华,郭荣起,郭荣起 - - 常宝霆 、 郭宝 明 、 杜 三宝 、 杨少华 、 谢天顺 、 张宝 如,人物二   常宝霆  郭宝 明  杜 三宝  人物一  谢天顺  张宝,-1
TRAIN_SENT_ID_273621,,马阔海,马青山,召唤 人 ： 端木燕 （ 主要 ） 、 马青山 、 马阔海 （ 电影版 ）,召唤  端木燕  主要   人物二  人物一  电影版,-1
TRAIN_SENT_ID_265550,,张崇基,张崇德,张崇基 、 张崇德 - 兄弟 的 天空,人物一  人物二  兄弟 天空,1
TRAIN_SENT_ID_252510,,颜回,孔子,2 柳下惠 人物 简介 : 孔子 为 至圣 ， 孟子为 亚圣 ， 颜回 为 复圣 ， 曾 参为 宗圣 ， 和 圣为 柳下惠,柳下惠 人物 简介  人物二 至圣  孟子为 亚圣  人物一 复圣  参为 宗圣  圣为 柳下惠,-1
TRAIN_SENT_ID_286258,,康昕,王羲之,南朝 王僧虔 的 《 论书 》 中 就 指出 王羲之 书法 曾 有 同时 人 张翼 的 仿书 ， 和 其后 康昕 、 南州石 道人 的 作伪 。,南朝 王僧虔  论书  中 指出 人物二 书法 张翼 仿书  其后 人物一  南州石 道人 作伪,-1
TRAIN_SENT_ID_252698,,颜回,孔子,孔子 和 颜回 得知 ， 相视而笑 。,人物二 人物一 得知  相视而笑,1
TRAIN_SENT_ID_264540,,岳云鹏,郭德纲,【 白蛇传 】 岳云鹏 孙越 （ 郭德纲 于谦 合作 十年 开幕式 2010.5 . 8 人民大会堂 ）,白蛇传  人物一 孙越  人物二 于谦 合作 十年 开幕式    人民大会堂,-1
TRAIN_SENT_ID_257816,,林平之,岳不群,★ 东方不败 、 林平之 、 岳不群 手挽手 含泪 吐血 推荐 ：,★ 东方不败  人物一  人物二 手挽手 含泪 吐血 推荐,-1
TRAIN_SENT_ID_275228,,李梅儿,上官兰心,封 上官兰心 为 静贤妃 ， 封 金碧瑶 为 英德 妃 ， 李梅儿 为 李选侍 。,封 人物二 静贤妃  封 金碧瑶 英德 妃  人物一 李选侍,1
TRAIN_SENT_ID_265555,,张崇基,张崇德,2006 年 张崇基 、 张崇德 - 2ssential 演唱会,年 人物一  人物二   演唱会,1
TRAIN_SENT_ID_249541,,李蔡,李广,’ 秦时 郿 白起 ， 频阳 王翦 ； 汉兴 ， 义渠 公孙贺 、 傅介子 ， 成纪 李广 、 李蔡 ， 上 邽 赵充国 ， 狄道 辛武贤 ： 皆 名将 也 。,秦时 郿 白起  频阳 王翦  汉兴  义渠 公孙贺  傅介子  成纪 人物二  人物一  邽 赵充国  狄道 辛武贤  皆 名将,-1
TRAIN_SENT_ID_256984,,仲由,孔子,仲由 政治 才干 : 孔子 设案 授徒 ， 辟 德行 、 政事 、 言语 、 文学 四科 ， 而 子路 是 政事 科之 优异者 。,人物一 政治 才干  人物二 设案 授徒  辟 德行  政事  言语  文学 四科  子路 政事 科之 优异者,-1
TRAIN_SENT_ID_252812,,颜回,孔子,他 的 学生 颜回 称其 “ 威而 不 猛 ” ， 且 孔子 身材 魁伟 ， 当时 被 称为 “ 长人 ” 。,学生 人物一 称其  威而 猛   人物二 身材 魁伟  当时 称为  长人,-1
TRAIN_SENT_ID_275653,,上官梅儿,上官兰心,上官梅儿 《 美人计 》 : 明光宗 朱常洛 即位 后 ， 他 梦想 与 深爱 的 妻子 上官兰心 双宿双飞 ， 白头到老 。,人物一  美人计   明光宗 朱常洛 即位  梦想 深爱 妻子 人物二 双宿双飞  白头到老,1
TRAIN_SENT_ID_252964,,颜回,孔子,如 江苏 盐城 一带 的 “ 四勿堂 ” 就是 取一 世祖 颜回 和 孔子 对 曰 的 格言 ： “ 非礼勿视 、 非礼 勿 听 、 非礼 勿言 、 非礼 勿动 ” 而 为 堂号 。,江苏 盐城 一带  四勿堂  取一 世祖 人物一 人物二 曰 格言   非礼勿视  非礼 勿 听  非礼 勿言  非礼 勿动  堂号,-1
TRAIN_SENT_ID_257480,,姜昆,马季,马三立 候 宝林 马季 姜昆 赖声川 郭德纲,马三立 候 宝林 人物二 人物一 赖声川 郭德纲,-1
TRAIN_SENT_ID_274104,,南宫敬叔,孔子,十七年 戊戌 ， 孔子 谓 南宫敬叔 曰 .. 五口 开老职 博古 该 今 ， 通 礼乐 之原 ， 明 道德 之归 ， 则 吾师 也 。,十七年 戊戌  人物二 谓 人物一 曰  五口 开老职 博古  通 礼乐 之原  明 道德 之归  吾师,-1
TRAIN_SENT_ID_269440,,刘伟,马季,《 训徒 》 表演者 ： 马季 、 刘伟 、 兰成,训徒  表演者  人物二  人物一  兰成,-1
TRAIN_SENT_ID_270974,,李易霏,李昂融,她们 就是 被誉为 “ 最美 双胞胎 ” 的 济南 小 姐妹 、 济南 舜文 中学 小学部 三年级 学生 — — — “ 朵朵 ” 李易霏 、 “ 果果 ” 李昂融 。,被誉为  最美 双胞胎  济南 姐妹  济南 舜文 中学 小学部 三年级 学生     朵朵  人物一   果果  人物二,1
TRAIN_SENT_ID_256996,,蒋雯娟,蒋雯丽,蒋雯丽 一共 有 两个 亲姐姐 ， 三 姐妹 间 各差 了 两岁 左右 ， 蒋雯娟 是 大姐 。,人物二 一共 两个 亲姐姐  三 姐妹 间 各差 两岁 左右  人物一 大姐,1
TRAIN_SENT_ID_275988,,朱竹云,朱竹清,朱竹云 人物 设定 : 朱竹清 的 姐姐 ， 比 她 大 了 七岁 。,人物一 人物 设定  人物二 姐姐  七岁,1
TRAIN_SENT_ID_251598,,穆春,穆弘,右军 寨 内 ： 第一位 呼延灼 ， 第二位 朱仝 ， 第三位 戴宗 ， 第四位 穆弘 ， 第五位 李逵 ， 第六位 欧鹏 ， 第七位 穆春 。,右军 寨  第一位 呼延灼  第二位 朱仝  第三位 戴宗  第四位 人物二  第五位 李逵  第六位 欧鹏  第七位 人物一,-1
TRAIN_SENT_ID_251924,,曹薰铉,李昌镐,主将 对决 ， 马晓春 又 一次 栽倒 在 李昌镐 阵前 ， 常昊 输给 了 曹薰铉 ， 张文东 不 敌 刘昌赫 。,主将 对决  马晓春 一次 栽倒 人物二 阵前  常昊 输给 人物一  张文东 敌 刘昌赫,-1
TRAIN_SENT_ID_272473,,李家杰,李家诚,继承人 ： 长子 李家杰 和 次子 李家诚,继承人  长子 人物一 次子 人物二,1
TRAIN_SENT_ID_274077,,南宫敬叔,孔子,① 丁寅 生 《 孔子 演义 》 第 18 回 ： “ 南宫敬叔 和 夫子 最 契合 ， 请 他 先容 ， 最为 合宜 ， 打定主意 ， 便 一径 往 访敬叔 。 ”,① 丁寅 生  人物二 演义   回   人物一 夫子 契合  请 先容  最为 合宜  打定主意  便 一径 访敬叔,1
TRAIN_SENT_ID_255314,,卫夫人,王羲之,卫夫人 教 王羲之 书法 : 东晋 著名 的 书法家 王羲之 ， 书法 的 启蒙 老师 叫卫铄 ， 是 很 有名气 的 女 书法家 ， 人们 称 她 卫夫人 。,人物一 教 人物二 书法  东晋 著名 书法家 人物二  书法 启蒙 老师 叫卫铄  有名气 女 书法家  称 人物一,1
TRAIN_SENT_ID_272010,,文姜,宣姜,春秋时代 ， 齐僖公 姜禄 父有 二个 女儿 ： 宣姜 、 文姜 ， 都 是 绝色佳人 。,春秋时代  齐僖公 姜禄 父有 二个 女儿  人物二  人物一  绝色佳人,1
TRAIN_SENT_ID_273627,,马阔海,马青山,召唤 人 ： 马阔海 、 李子 、 马青山 、 柯胜,召唤  人物一  李子  人物二  柯胜,-1
TRAIN_SENT_ID_274101,,南宫敬叔,孔子,（ 《 论语 · 八 佾 》 ） （ 此时 南宫敬叔 仅 十二岁 ， 似 不 可能 随同 孔子 适周 。,论语  八 佾    人物一 仅 十二岁  似 可能 随同 人物二 适周,-1
TRAIN_SENT_ID_267519,,裘千丈,裘千仞,248 【 裘千仞 ， 裘千丈 】,人物二  人物一,1
TRAIN_SENT_ID_271246,,马季,侯宝林,“ 除了 铃不响 ， 上下 哪儿 都响 ” ； “ 逗你玩 儿 ” ； “ 宇宙 牌 香烟 ” ， 侯宝林 、 马三立 、 马季 等 人 的 著名 段子 至今 还 能 让 人乐 。,铃不响  都响    逗你玩    宇宙 牌 香烟   人物二  马三立  人物一 著名 段子 人乐,-1
TRAIN_SENT_ID_252813,,颜回,孔子,曾 参以 他 的 建树 ， 终于 走进 大儒 殿堂 ， 与 孔子 、 颜子 （ 颜回 ） 、 子思 、 孟子 比肩 共 称为 五大 圣人 。,参以 建树  终于 走进 大儒 殿堂  人物二  颜子  人物一   子思  孟子 比肩 共 称为 五大 圣人,-1
TRAIN_SENT_ID_265324,,陈本,陈骞,这则 记载 同样 反映 出 陈骞 的 多谋 ， 陈本 的 无谋 。,这则 记载 同样 反映 出 人物二 多谋  人物一 无谋,-1
TRAIN_SENT_ID_253020,,颜回,孔子,孔子 圣人 也 ， 颜回 已下 十哲 ， 希 圣者 也 ， 更相 称赞 ， 为 党乎 ？,人物二 圣人  人物一 已下 十哲  希 圣者  更相 称赞  党乎,-1
TRAIN_SENT_ID_277763,,邵素雯,邵维钟,婚后 ， 他们 育有 两子 两女 ， 长子 邵维铭 、 次女 邵素雯 、 三女 邵素云 及 幼子 邵维钟 。,婚后  育有 两子 两女  长子 邵维铭  次女 人物一  三女 邵素云 幼子 人物二,1
TRAIN_SENT_ID_265579,,张崇基,张崇德,张崇基 、 张崇德 - 机会难得,人物一  人物二  机会难得,1
TRAIN_SENT_ID_282498,,文殊广法天尊,元始天尊,准提 道人 把 文殊广法天尊 顶上 一指 ， 泥丸 复开 ， 三光 迸出 ， 瑞气 盘旋 ， 元始天尊 递一 与 文殊 ， 名曰 “ 盘古 ” ， 可破此 “ 太极 阵 ” 。,准提 道人 人物一 顶上 一指  泥丸 复开  三光 迸出  瑞气 盘旋  人物二 递一 文殊  名曰  盘古   可破此  太极 阵,-1
TRAIN_SENT_ID_252740,,颜回,孔子,殿内 供奉 有文 宣公 ( 孔子 ) 、 邹 国公 ( 孟子 ) 、 兖 国公 ( 颜回 ) 三像 。,殿内 供奉 有文 宣公  人物二   邹 国公  孟子   兖 国公  人物一  三像,-1
TRAIN_SENT_ID_282740,,周信,吕岳,李奇 曰 ： “ 非 也 ， 那 是 吾 道 兄 周信 ， 吾 乃 吕岳 门人 李奇 是 也 。 ”,李奇 曰   非  吾 道 兄 人物一  吾 人物二 门人 李奇,-1
TRAIN_SENT_ID_252513,,颜回,孔子,境内 有 大汶口 文化 遗址 、 齐 长城 等 历史 文化 遗存 ， 有 孔子 、 颜回 、 关羽 、 李白 、 杜甫 、 范蠡 、 西施 等 历史名人 交游 居住 的 名胜古迹 。,境内 大汶口 文化 遗址  齐 长城 历史 文化 遗存  人物二  人物一  关羽  李白  杜甫  范蠡  西施 历史名人 交游 居住 名胜古迹,-1
TRAIN_SENT_ID_277823,,傅清,傅恒,九子 是 ： 长子 广成 ， 次子 傅清 ， 三子 傅宁 ， 四子 傅文 ， 五 子 傅宽 ， 六子 傅新 ， 七子 傅玉 ， 八子 傅谦 ， 九 子 傅恒 。,九子  长子 广成  次子 人物一  三子 傅宁  四子 傅文  五 子 傅宽  六子 傅新  七子 傅玉  八子 傅谦  九 子 人物二,1
TRAIN_SENT_ID_253050,,颜回,孔子,颜回 攫食 原文 : 孔子 穷乎 陈蔡 之间 ， 藜 羹 不 斟 ， 七日 不尝粒 。,人物一 攫食 原文  人物二 穷乎 陈蔡 之间  藜 羹 斟  七日 不尝粒,-1
TRAIN_SENT_ID_253032,,颜回,孔子,"孔子 有 之 , 不必 束 攸 ， 颜回 逢 之 何用 箪瓢 , 於 陵元尔 三日 不食 , 首阳元尔 饿食 菜苗 。",人物二  不必 束 攸  人物一 逢 何用 箪瓢  於 陵元尔 三日 不食  首阳元尔 饿食 菜苗,-1
TRAIN_SENT_ID_253122,,颜回,孔子,旧时 ， 每年 春秋 在 文庙 祭祀 孔子 ， 大成殿 正中 塑有 孔子像 ， 并 以 颜回 、 曾 参 、 子思 、 孟柯 配享 。,旧时  每年 春秋 文庙 祭祀 人物二  大成殿 正中 塑有 人物二像  人物一  参  子思  孟柯 配享,-1
TRAIN_SENT_ID_273647,,姜子牙,元始天尊,封神 之 战时 ， 元始天尊 敕令 四不相为 姜子牙 的 坐骑 。,封神 战时  人物二 敕令 四不相为 人物一 坐骑,-1
TRAIN_SENT_ID_266210,,范遥,赵敏,成员 ： 张无忌 ， 赵敏 ， 周芷若 ， 鹿杖客 ， 鹤笔翁 ， 金毛狮 王 ， 青翼 蝠王 ， 白眉鹰 王 ， 紫杉 龙王 ， 杨逍 ， 范遥,成员  张无忌  人物二  周芷若  鹿杖客  鹤笔翁  金毛狮 王  青翼 蝠王  白眉鹰 王  紫杉 龙王  杨逍  人物一,1
TRAIN_SENT_ID_286567,,姬无命,公孙乌龙,捉到 的 人 ： 姬无命 、 姬无病 、 平谷 一点红 、 辛普森 、 公孙乌龙 、 马卓子 、 大嘴 的 骗子 师父,捉到  人物一  姬无病  平谷 一点红  辛普森  人物二  马卓子  大嘴 骗子 师父,-1
TRAIN_SENT_ID_273631,,马阔海,马青山,召唤 人 ： 萧风 （ 主要 ） 、 端木燕 （ 后期 ） 、 马青山 （ 大结局 ） 、 马阔海 （ 电影版 ）,召唤  萧风  主要   端木燕  后期   人物二  大结局   人物一  电影版,-1
TRAIN_SENT_ID_250422,,赵飞燕,赵合德,永始 元年 （ 前 16 ） 成帝 立 赵飞燕 为 皇后 ， 又 封 赵合德 为仪 ， 居 昭阳 宫 ， 皆 以 黄金 、 白玉 、 明珠 、 翠羽 装饰 。,永始 元年  前   成帝 立 人物一 皇后  封 人物二 为仪  居 昭阳 宫  皆 黄金  白玉  明珠  翠羽 装饰,1
TRAIN_SENT_ID_251826,,梅超风,黄药师,黄药师 爱上 梅超风,人物二 爱上 人物一,1
TRAIN_SENT_ID_264824,,陈永奎,陈永燊,陈永燊 — — 陈瑞 球 之 儿子 、 陈永奎 之弟 及 陈淑玲 之兄,人物二   陈瑞 球 儿子  人物一 之弟 陈淑玲 之兄,1
TRAIN_SENT_ID_249529,,李蔡,李广,而 他 的 堂兄弟 李蔡 才能 不如 他 却 官至 丞相 ， 古人 认为 奇数 不 吉利 ， 司马迁 评价 为 “ 李广 老 ， 数奇 。 ”,堂兄弟 人物一 官至 丞相  古人 认为 奇数 吉利  司马迁 评价  人物二 老  数奇,-1
TRAIN_SENT_ID_272359,,文殊广法天尊,金吒,王魔 追赶 逃亡 的 姜子牙 到 五龙山 云霄 洞 ， 被 文殊广法天尊 、 金吒 师徒 所杀 。,王魔 追赶 逃亡 姜子牙 五龙山 云霄 洞  人物一  人物二 师徒 所杀,-1
TRAIN_SENT_ID_249108,,吕洞宾,韩湘子,丽珠 与 韩湘子 订婚 之夜 ， 龙三 前来 抢人 ， 被 吕洞宾 赶退 。,丽珠 人物二 订婚 之夜  龙三 前来 抢人  人物一 赶退,-1
TRAIN_SENT_ID_277739,,王银钏,王宝钏,角色 资料 : 相府 大 小姐 ， 苏龙 妻子 ， 王宝钏 和 王银钏 的 大姐 。,角色 资料  相府 小姐  苏龙 妻子  人物二 人物一 大姐,1
TRAIN_SENT_ID_259951,,周志文,周志康,（ 林峰 、 徐子珊 、 林欣彤 携 胡鸿钧 、 周志文 、 周志康 、 谢东闵 倾力 演出 ） 周志文 节目主持 : 2011 年 ： 《 西湖 》,林峰  徐子珊  林欣彤 携 胡鸿钧  人物一  人物二  谢东闵 倾力 演出  人物一 节目主持   年   西湖,-1
TRAIN_SENT_ID_265109,,杨志刚,郭靖宇,郭靖宇 还是 演员 杨志刚 的 哥哥 ， 亲哥哥 。,人物二 演员 人物一 哥哥  亲哥哥,1
TRAIN_SENT_ID_251883,,曹薰铉,李昌镐,第三轮 ： 曹薰铉 1 : 0 王磊 金荣桓 1 : 0 柳时熏 小林觉 1 : 0 赵治勋 李昌镐 1 : 0 马晓春,第三轮  人物一    王磊 金荣桓    柳时熏 小林觉    赵治勋 人物二    马晓春,-1
TRAIN_SENT_ID_252518,,颜回,孔子,殿内 供奉 孔子 五代 先人 的 牌位 及 配享 的 颜回 、 孔伋 、 曾 参 、 孟轲 四位 先哲 之父 的 牌位 。,殿内 供奉 人物二 五代 先人 牌位 配享 人物一  孔伋  参  孟轲 四位 先哲 之父 牌位,-1
TRAIN_SENT_ID_274070,,南宫敬叔,孔子,景王 十五年 辛末 ， 南宫敬叔 生 ， 时 孔子 年 叁 十五岁 。,景王 十五年 辛末  人物一 生  时 人物二 年 叁 十五岁,1
TRAIN_SENT_ID_249018,,吕洞宾,韩湘子,其 形态 特征 及 手中 所 持 道具 标明 了 各自 身份 ， 从 一到 八 分别 为 ： 何仙姑 、 张果老 、 篮采 和 、 韩湘子 、 曹国舅 、 吕洞宾 、 铁拐李 、 汉 钟离 。,形态 特征 手中 持 道具 标明 身份  一到 八  何仙姑  张果老  篮采  人物二  曹国舅  人物一  铁拐李  汉 钟离,-1
TRAIN_SENT_ID_262273,,尤二姐,尤三姐,第六十五回 贾二舍 偷 娶 尤二姐 尤三姐 思嫁 柳 二郎 / 371,第六十五回 贾二舍 偷 娶 人物一 人物二 思嫁 柳 二郎,1
TRAIN_SENT_ID_270576,,全真七子,王重阳,万寿宫 为 主体 建筑 ， 宫内 塑有 全真道 祖 王重阳 及 全真七子 像 。,万寿宫 主体 建筑  宫内 塑有 全真道 祖 人物二 人物一,-1
TRAIN_SENT_ID_253073,,颜回,孔子,孔子 问 颜回 ， 如何 不种 梅 ？,人物二 问 人物一  不种 梅,-1
TRAIN_SENT_ID_261163,,王缙,王维,又 王缙 《 进王 右 丞 集表 》 云 编次 王维 诗 文凡 10 卷 。,人物一  进王 右 丞 集表  云 编次 人物二 诗 文凡  卷,-1
TRAIN_SENT_ID_261449,,毛泽建,毛泽东,毛泽建 ， 毛泽东 的 堂妹 ， 生于 1905 年 10 月 ， 从小 由 毛泽东 的 父母 抚养 。,人物一  人物二 堂妹  生于  年  月  从小 人物二 父母 抚养,1
TRAIN_SENT_ID_270560,,全真七子,王重阳,吕 祖传 道 于 王重阳 — — 马丹阳 等 “ 全真七子 ” 一脉相承 ， 是 为 北宗 也 。,吕 祖传 道 人物二   马丹阳  人物一  一脉相承  北宗,-1
TRAIN_SENT_ID_249138,,皮皮鲁,鲁西西,皮皮鲁 赞许 道 ， 我 妹妹 鲁西西 呢 ？,人物一 赞许 道  妹妹 人物二,1
TRAIN_SENT_ID_264229,,陈真,霍元甲,小时候 ， 由于 陈真 身体虚弱 ， 霍元甲 认为 陈真 并 不是 练武 的 料 ， 就 没 教给 陈真 武功 之类 的 东西 。,小时候  人物一 身体虚弱  人物二 认为 人物一 练武 料  没 教给 人物一 武功 东西,-1
TRAIN_SENT_ID_253168,,胡青牛,胡青羊,他 得 胡青牛 救治 性命 后 ， 和 胡青牛 之妹 胡青羊 相恋 。,人物一 救治 性命  人物一 之妹 人物二 相恋,1
TRAIN_SENT_ID_255313,,卫夫人,王羲之,（ 词语 ） : 晋 王羲之 《 题 卫夫人 笔阵 图后 》 ： “ 每作 一点 ， 如 高峰 坠石 。 ”,词语   晋 人物二  题 人物一 笔阵 图后    每作 一点  高峰 坠石,-1
TRAIN_SENT_ID_276146,,贾惜春,贾珍,简介 ： 贾惜春 是 贾珍 的 妹妹 ， 排行 为 贾府 四 小姐 。,简介  人物一 人物二 妹妹  排行 贾府 四 小姐,1
TRAIN_SENT_ID_256924,,仲由,孔子,孔子 不禁 叹 到 ： “ 神童 仲由 乃 吾师 也 ” 。,人物二 不禁 叹   神童 人物一 吾师,-1
TRAIN_SENT_ID_273366,,杨锐,张之洞,五 、 张之洞 营救 杨锐 的 行动,五  人物二 营救 人物一 行动,-1
TRAIN_SENT_ID_259936,,周志文,周志康,「 超级 巨声 队 」 由 孖 宝兄弟 周志文 、 周志康 上场 献唱 不了情 女曲 男唱 ， 可 有 不同 韵味 ？,超级 巨声 队  孖 宝兄弟 人物一  人物二 上场 献唱 不了情 女曲 男唱  不同 韵味,-1
TRAIN_SENT_ID_277577,,袁承志,穆人清,天外 飞龙 线 雁门关 袁承志 单挑 穆人清 天外 飞龙 1 级,天外 飞龙 线 雁门关 人物一 单挑 人物二 天外 飞龙  级,-1
TRAIN_SENT_ID_249168,,皮皮鲁,鲁西西,《 皮皮鲁 与 鲁西西 》 等等 !,人物一 人物二,1
TRAIN_SENT_ID_271226,,和硕温恪公主,和硕敦恪公主,生一子 二女 ： 和硕 怡亲 王允祥 、 和硕温恪公主 、 和硕敦恪公主 。,生一子 二女  和硕 怡亲 王允祥  人物一  人物二,1
TRAIN_SENT_ID_259357,,葛玄,左慈,有 张陵 、 南华 、 于吉 传说 之仙 ; 有 左慈 、 葛玄 、 张鲁 、 道 中 挚友 。,张陵  南华  于吉 传说 之仙  人物二  人物一  张鲁  道 中 挚友,-1
TRAIN_SENT_ID_279129,,范长利,朱绍文,沈竹善 相声 辈分 表 : 沈竹善 第一代 - - 第三代 : 张三禄 - - 朱绍文 - - 春长隆 、 冯昆治 、 范长利 、 桂祯 、 徐长福 、 沈竹善,沈竹善 相声 辈分 表  沈竹善 第一代   第三代  张三禄   人物二   春长隆  冯昆治  人物一  桂祯  徐长福  沈竹善,-1
TRAIN_SENT_ID_252659,,颜回,孔子,于是 择地 官山 的 北面 ， 创立 了 燕 居来 供奉 先圣 孔子 ， 先师 颜回 享受 配祀 ， 春秋 持菜 祀 先师 。,择地 官山 北面  创立 燕 居来 供奉 先圣 人物二  先师 人物一 享受 配祀  春秋 持菜 祀 先师,-1
TRAIN_SENT_ID_282086,,宋光居,宋光元,宋光居 烈士 1914 年 出生 ， 微山县 欢 城镇 蒋慈 庄村 人 ， 系 宋光元 同胞兄弟 ， 1945 年 滨海区 抗日战争 前线 牺牲 。,人物一 烈士  年 出生  微山县 欢 城镇 蒋慈 庄村  系 人物二 同胞兄弟   年 滨海区 抗日战争 前线 牺牲,1
TRAIN_SENT_ID_252689,,颜回,孔子,本章 用 孔子 赞赏 颜回 的话 来 说明 什么样 的 人才 是 真正 能 坚守 中庸之道 的 智者 。,本章 人物二 赞赏 人物一 说明 人才 真正 坚守 中庸之道 智者,-1
TRAIN_SENT_ID_262723,,周厚恩,周厚安,育有 一男一女 ， 分别 是 周厚安 和 周厚恩 。,育有 一男一女  人物二 人物一,1
TRAIN_SENT_ID_282661,,张震,张翰,3 评价 : 台湾 的 张翰 是 张震 的 哥哥 。,评价  台湾 人物二 人物一 哥哥,1
TRAIN_SENT_ID_250377,,赵飞燕,赵合德,- 前 7 ） 即 赵合德 ， 赵飞燕 妹 。,前   人物二  人物一 妹,1
TRAIN_SENT_ID_275901,,王子豪,王子杰,后来 去 香港 之前 ， 王子豪 和 王子杰 就 开始 练 体育 ， 王子杰 开始 练 马拉松 ， 王子豪 是 打 排球 。,后来 香港 之前  人物一 人物二 练 体育  人物二 练 马拉松  人物一 排球,1
TRAIN_SENT_ID_249086,,吕洞宾,韩湘子,二条 ： 吕洞宾 ， 额滴 神 啊 ， 这是 抽象派 的 风流倜傥 么 三条 ： 曹国舅 ， 头戴 官帽 ， 这 还是 比较 靠 谱 的 四条 ： 韩湘子 ， 这 发型 。,二条  人物一  额滴 神  这是 抽象派 风流倜傥 三条  曹国舅  头戴 官帽  比较 谱 四条  人物二  发型,-1
TRAIN_SENT_ID_253843,,赵合德,赵飞燕,后世 比较 著名 的 姊妹 同嫁 一夫 包括 ： 赵飞燕 与 赵合德 、 大 周后 与 小 周后 。,后世 比较 著名 姊妹 同嫁 一夫 包括  人物二 人物一  周后 周后,-1
TRAIN_SENT_ID_272355,,文殊广法天尊,金吒,李靖 答 曰 ： “ 不才 有 三子 ： 长 曰 金吒 ， 拜 五龙山 云霄 洞 文殊广法天尊 为师 ； 次 曰 木吒 ， 拜 九宫山 白鹤 洞 普贤 真人 为师 。,李靖 答 曰   不才 三子  长 曰 人物二  拜 五龙山 云霄 洞 人物一 为师  次 曰 木吒  拜 九宫山 白鹤 洞 普贤 真人 为师,1
TRAIN_SENT_ID_252779,,颜回,孔子,祭祀 : 汉魏 以后 ， 以 周公为 先圣 ， 孔子 为 先师 ； 唐代 尊 孔子 为 先圣 ， 颜回 为 先师 。,祭祀  汉魏 以后  周公为 先圣  人物二 先师  唐代 尊 人物二 先圣  人物一 先师,-1
TRAIN_SENT_ID_271223,,和硕温恪公主,和硕敦恪公主,入宫 年岁 不详 ， 生一子 二女 ： 和硕 怡 亲王 胤 祥 、 和硕温恪公主 、 和硕敦恪公主 。,入宫 年岁 不详  生一子 二女  和硕 怡 亲王 胤 祥  人物一  人物二,1
TRAIN_SENT_ID_265421,,薛谭,秦青,据 《 列子 · 汤问 》 记载 ， 秦青 曾收 薛谭 为徒 。,列子  汤问  记载  人物二 曾收 人物一 为徒,-1
TRAIN_SENT_ID_254287,,张顺,张横,张横 道 ： “ 小弟 是 张顺 。,人物二 道   小弟 人物一,-1
TRAIN_SENT_ID_252953,,颜回,孔子,姜全来 成就 及 荣誉 : 主要 作品 有 《 关公 辞 曹 》 、 《 豆叶 黄 》 、 《 张公 赶子 》 、 《 重泣 回 》 、 《 孔子 泣 颜回 》 等 ， 带徒 授艺 数名 。,姜全来 成就 荣誉  主要 作品  关公 辞 曹    豆叶 黄    张公 赶子    重泣 回    人物二 泣 人物一   带徒 授艺 数名,-1
TRAIN_SENT_ID_271526,,孟优,孟获,毒气 泉 历史 研究 : 毒气 泉 原著 场景 : 诸葛亮 四擒四放 孟获 后 ， 毒气 泉 孟获 与其 弟 孟优 逃 到 西洱河 畔 的 秃 龙洞 。,毒气 泉 历史 研究  毒气 泉 原著 场景  诸葛亮 四擒四放 人物二  毒气 泉 人物二 弟 人物一 逃 西洱河 畔 秃 龙洞,-1
TRAIN_SENT_ID_249093,,吕洞宾,韩湘子,韩湘子 吹玉 萧 ， 吕洞宾 击 云板 ( 简板 ) ， 钟离权 拍 渔鼓 应节 而歌 。,人物二 吹玉 萧  人物一 击 云板  简板   钟离权 拍 渔鼓 应节 而歌,-1
TRAIN_SENT_ID_266166,,李昌镐,曹薰铉,依田纪基 拿到 五 连胜 ， 但 韩国 徐奉洙 也 取得 四 连胜 佳绩 ， 虽然 武宫正树 赢下 曹薰铉 ， 但 还是 未能 过 李昌镐 这 最后 一关 。,依田纪基 拿到 五 连胜  韩国 徐奉洙 取得 四 连胜 佳绩  武宫正树 赢下 人物二  未能 人物一 最后 一关,-1
TRAIN_SENT_ID_252468,,颜回,孔子,《 吕氏春秋 · 慎人 》 ： “ 孔子 弦歌 於 室 ， 颜回 择菜 於 外 。 ”,吕氏春秋  慎人    人物二 弦歌 於 室  人物一 择菜 於 外,-1
TRAIN_SENT_ID_253003,,颜回,孔子,内层 东西 两边 供奉 孔子 得意门生 — — 颜回 、 曾 参等 72 贤人 画像 及 牌位 。,内层 东西 两边 供奉 人物二 得意门生   人物一  参等  贤人 画像 牌位,-1
TRAIN_SENT_ID_269367,,王中军,王中磊,王中军 、 王中磊 兄弟 是 如何 思考 华谊 未来 的 ？,人物一  人物二 兄弟 思考 华谊 未来,1
TRAIN_SENT_ID_284040,,韩文举,康有为,那时 陈千秋 和 曹泰 已经 去世 ， 康有为 即命 韩文举 、 梁启超 、 区 榘 甲 、 叶觉 迈 等到 湖南 任 时务 学堂 中文 教习 。,陈千秋 曹泰 已经 去世  人物二 即命 人物一  梁启超  区 榘 甲  叶觉 迈 湖南 时务 学堂 中文 教习,1
TRAIN_SENT_ID_252643,,颜回,孔子,孔子 对 曰 ： “ 夫其 所以 为 颜回 者 ， 此 之类 也 ， 岂足 多 哉 ？ ”,人物二 曰   夫其 人物一   岂足,-1
TRAIN_SENT_ID_264239,,陈真,霍元甲,由于 霍元甲 和 黄旗 英都 有 强力 的 分身 和 高 伤害 的 法术 ， 因此 陈真 虽然 号称 “ 永动机 ” ， 黄飞鸿 尽管 有 驰名 的 “ 无影脚 ” ， 也 是 难 敌 父辈 。,人物二 黄旗 英都 强力 分身 高 伤害 法术  人物一 号称  永动机   黄飞鸿 驰名  无影脚   难 敌 父辈,-1
TRAIN_SENT_ID_266695,,龙幽,龙溟,龙溟 、 龙幽,人物二  人物一,1
TRAIN_SENT_ID_253045,,颜回,孔子,注 [ 四 ] 论语 颜回 慕 孔子 之言 也 。,注  四  论语 人物一 慕 人物二 之言,-1
TRAIN_SENT_ID_260691,,王重阳,全真七子,王重阳 开创 了 道家 全真教 ， 他 的 七大 弟子 被 称为 全真七子 ， 又称 北七真 ， 他们 在 武当山 修炼 多年 。,人物一 开创 道家 全真教  七大 弟子 称为 人物二  又称 北七真  武当山 修炼 多年,-1
TRAIN_SENT_ID_256919,,仲由,孔子,盖 仲由 使 门人 为臣 ， 而 孔子 讥其 欺天 。,盖 人物一 门人 为臣  人物二 讥其 欺天,-1
TRAIN_SENT_ID_267788,,万剑一,林惊羽,但 斩 鬼神 ， 只 属于 斩 龙剑 的 主人 ， 先是 万剑一 ， 后 是 林惊羽 。,斩 鬼神  属于 斩 龙剑 主人  先是 人物一  人物二,-1
TRAIN_SENT_ID_253124,,颜回,孔子,且 集中 与子 俨 等 疏 称子 夏为 孔子 四友 ， 而 此录 四友 乃 为 颜回 、 子贡 、 子路 、 子张 。,集中 与子 俨 疏 称子 夏为 人物二 四友  此录 四友 人物一  子贡  子路  子张,-1
TRAIN_SENT_ID_273632,,马阔海,马青山,铠甲 召唤 人 ： 柯胜 ， 小 李子 ， 马青山 ， 马阔海,铠甲 召唤  柯胜  李子  人物二  人物一,-1
TRAIN_SENT_ID_256882,,仲由,孔子,仲村 是 一代 圣贤 孔子 的 得意门生 仲由 的 故里 ， 是 历史 上 的 文明 古镇 之一 。,仲村 一代 圣贤 人物二 得意门生 人物一 故里  历史 文明 古镇,-1
TRAIN_SENT_ID_250388,,赵飞燕,赵合德,后来 姐姐 赵飞燕 因 无法 产下 皇子 ， 也 是 赵合德 为 赵飞燕 解围 ， 使 其 免遭 被 废 。,后来 姐姐 人物一 无法 产下 皇子  人物二 人物一 解围  免遭 废,1
TRAIN_SENT_ID_249556,,李蔡,李广,《 史记 》 叙 李广 事 ， 曾以 其 堂弟 李蔡 作为 反衬 。,史记  叙 人物二 事  曾以 堂弟 人物一 反衬,-1
TRAIN_SENT_ID_265573,,张崇基,张崇德,张崇基 、 张崇德,人物一  人物二,1
TRAIN_SENT_ID_284038,,韩文举,康有为,民国 六年 ， 张勋 据 北京 请帝 溥仪 复辟 ， 授 康有为 为弼德院 副 院长 ， 康有为 从 香港 启程 ， 应 诏 北上 ， 并 约 韩文举 同行 。,民国 六年  张勋 北京 请帝 溥仪 复辟  授 人物二 为弼德院 副 院长  人物二 香港 启程  应 诏 北上  约 人物一 同行,1
TRAIN_SENT_ID_279253,,陈泽迅,陈奕迅,陈泽迅 ， 香港 歌手 陈奕迅 的 哥哥 。,人物一  香港 歌手 人物二 哥哥,1
TRAIN_SENT_ID_253062,,颜回,孔子,生于 鲁国 萧邑 ， 孔子 高徒 ， 在 孔门 中以 德行 与 颜回 并称 ， 为 七十二 贤 之一 。,生于 鲁国 萧邑  人物二 高徒  孔门 中以 德行 人物一 并称  七十二 贤,-1
TRAIN_SENT_ID_252868,,颜回,孔子,孔子 与 颜回,人物二 人物一,1
TRAIN_SENT_ID_266185,,李昌镐,曹薰铉,他 与 李昌镐 、 曹薰铉 、 刘昌赫 合称 “ 韩国 棋坛 四大 金刚 ” 。,人物一  人物二  刘昌赫 合称  韩国 棋坛 四大 金刚,-1
TRAIN_SENT_ID_282410,,赵公明,通天教主,通天教主 分宝后 ， 二十四颗 定 海珠 为 截教 隐仙 、 天皇 得道者 赵公明 所有 。,人物二 分宝后  二十四颗 定 海珠 截教 隐仙  天皇 得道者 人物一,-1
TRAIN_SENT_ID_259626,,季布,季心,史料 : 季布 弟 季心 ， 气盖 关中 ， 遇人 恭谨 ， 为 任侠 ， 方 数千里 ， 士皆争 为 之 死 。,史料  人物一 弟 人物二  气盖 关中  遇人 恭谨  任侠  方 数千里  士皆争 死,-1
TRAIN_SENT_ID_256862,,仲由,孔子,仲由 以 政事 见称 ， 为 人 伉直 ， 好 勇力 ， 跟随 孔子 周游列国 ， 是 孔门 七十二 贤 之一 。,人物一 政事 见称  伉直  勇力  跟随 人物二 周游列国  孔门 七十二 贤,-1
TRAIN_SENT_ID_252811,,颜回,孔子,不改其乐 成语 示例 : （ 孔子 ） 称赞 颜回 吃喝 不够 ， 不改其乐 。,不改其乐 成语 示例   人物二  称赞 人物一 吃喝 不够  不改其乐,-1
TRAIN_SENT_ID_264876,,田猛,田虎,去 祭拜 大当家 田猛 时 ， 与 田虎 成功 请 得 “ 农家 第一 智囊 ” - - - 田猛 的 长女 田言 出山 ， 共谋 夺取 荧惑 之石 。,祭拜 大当家 人物一 时  人物二 成功 请  农家 第一 智囊     人物一 长女 田言 出山  共谋 夺取 荧惑 之石,1
TRAIN_SENT_ID_253052,,颜回,孔子,他 是 颜回 ( 颜渊 ) 的 父亲 ， 父子俩 曾 先后 在 孔子 门下 求学 。,人物一  颜渊  父亲  父子俩 先后 人物二 门下 求学,1
TRAIN_SENT_ID_275526,,王小虎,赵本山,王小虎 ： （ 朝 赵本山 ） 师傅 ， 太 对不起 了 ， 你 那 忽悠 智商 太低 了 ， 跟 你 也 学不着 啥 玩意儿 ！,人物一   人物二  师傅  太 对不起  忽悠 智商 太低  学不着 玩意儿,-1
TRAIN_SENT_ID_275470,,李汉俊,李书城,在 现代史 上 ， 潜江 这块 饱含 灵气 的 土地 孕育 了 戏剧 大师 曹禺 以及 中共一大 代表 李汉俊 、 辛亥革命 元老 李书城 等 从 多 英才 。,现代史  潜江 这块 饱含 灵气 土地 孕育 戏剧 大师 曹禺 中共一大 代表 人物一  辛亥革命 元老 人物二 英才,-1
TRAIN_SENT_ID_252679,,颜回,孔子,其它 相关 : 原来 的 孔庙 内 ， 孔 圣殿 供奉 着 孔子 塑像 ， 东西 两 庑 供奉 孟子 、 曾子 、 颜回 等 人 。,相关  原来 孔庙  孔 圣殿 供奉 人物二 塑像  东西 两 庑 供奉 孟子  曾子  人物一,-1
TRAIN_SENT_ID_259678,,公孙胜,罗真人,罗真人 惜 叹 公孙胜 董灵 清法 破无虚术,人物二 惜 叹 人物一 董灵 清法 破无虚术,-1
TRAIN_SENT_ID_263396,,武修文,武敦儒,话说回来 ， 武敦儒 、 武修文 虽然 不是 什么 大 英雄 ， 但 无愧于 对 国家 对 人民 有用 之材 的 称号 。,话说回来  人物二  人物一 英雄  无愧于 国家 人民 有用 之材 称号,-1
TRAIN_SENT_ID_270973,,李易霏,李昂融,（ 现代 美 ） 李易霏 全运会 上 最 耀眼 的 小 明星 : 她们 是 — — 李易霏 李昂融 。,现代 美  人物一 全运会 耀眼 明星    人物一 人物二,-1
TRAIN_SENT_ID_261583,,南宫敬叔,孟懿子,孟懿子 和 南宫敬叔 学礼于 孔子 。,人物二 人物一 学礼于 孔子,-1
TRAIN_SENT_ID_277760,,邵素雯,邵维钟,两人育 有 两子 两女 ， 长子 邵维铭 、 次女 邵素雯 、 三女 邵素云 及 邵维钟 。,两人育 两子 两女  长子 邵维铭  次女 人物一  三女 邵素云 人物二,1
TRAIN_SENT_ID_260956,,杨露禅,陈长兴,与 陈长兴 、 王宗岳 、 杨露禅 、 武禹襄 、 孙禄堂 、 吴鉴泉 等 人 ， 同为 标拔 中国 武学 高度 的 ， 并峙 入云 的 几座 高峰 。,人物二  王宗岳  人物一  武禹襄  孙禄堂  吴鉴泉  同为 标拔 中国 武学 高度  并峙 入云 几座 高峰,-1
TRAIN_SENT_ID_261139,,武元庆,武则天,武则天 的 母亲 便 把 两个 儿子 武元庆 、 武元爽 领 出让 袁天罡 相面 ， 可是 袁天罡 一看 说 可以 官至 三品 ， 只不过 是 能 保家 的 主儿 ， 还 不算 大贵 。,人物二 母亲 便 两个 儿子 人物一  武元爽 领 出让 袁天罡 相面  袁天罡 一看 说 官至 三品  只不过 保家 主儿  不算 大贵,1
TRAIN_SENT_ID_286469,,高进军,党荣华,高进军 ， 书法 艺术家 ， 醉 墨轩 主人 ， 中华 毛体 创始人 ， 军人 世家 ， 山东 籍 ， 老师 党荣华 ， 导师 宋学伟 。,人物一  书法 艺术家  醉 墨轩 主人  中华 毛体 创始人  军人 世家  山东 籍  老师 人物二  导师 宋学伟,-1
TRAIN_SENT_ID_261168,,王缙,王维,诗人 王维 、 钱起 、 卢纶 、 王缙 、 苏舜钦 等 也 均 有 赞誉 悟 真寺 的 诗篇 。,诗人 人物二  钱起  卢纶  人物一  苏舜钦 均 赞誉 悟 真寺 诗篇,-1
TRAIN_SENT_ID_277016,,钟藜,钟馗,钟馗 回到 终南山 ， 得知 他 的 同村 知友 杜 钟藜 ( 50 张 ),人物二 回到 终南山  得知 同村 知友 杜 人物一   张,1
TRAIN_SENT_ID_253819,,赵合德,赵飞燕,① 皇太后 前 与 女弟 昭仪 ： 成帝 皇后 赵飞燕 和 其 妹昭仪 赵合德 。,① 皇太后 前 女弟 昭仪  成帝 皇后 人物二 妹昭仪 人物一,1
TRAIN_SENT_ID_269012,,李如柏,李如松,人们 把 麻家 与 同样 是 武将 世家 的 李如松 、 李如柏 等 并 称为 “ 东 李西 麻 ” 。,麻家 同样 武将 世家 人物二  人物一 称为  东 李西 麻,-1
TRAIN_SENT_ID_255202,,赵海燕,赵本山,《 有病 没病 》 （ 表演 ： 赵本山 、 赵海燕 、 李正春 ）,有病 没病   表演  人物二  人物一  李正春,-1
TRAIN_SENT_ID_275246,,汤潮,赵本山,《 狼爱 上阳 》 取自 汤潮 成名曲 ， 歌名 是 师傅 赵本山 最后 亲自 定 的 ， “ 小 沈阳 就是 狼 ， 春阳 这 不 就是 阳 么 ， 狼爱 上阳 ， 很 形象 。 ”,狼爱 上阳  取自 人物一 成名曲  歌名 师傅 人物二 最后 亲自 定   沈阳 狼  春阳 阳  狼爱 上阳  形象,-1
TRAIN_SENT_ID_255295,,卫夫人,王羲之,除 卫夫人 是 王羲之 的 书法 启蒙 师 以外 ， 卫夫人 还 可能 是 王羲之 的 姨母 。,人物一 人物二 书法 启蒙 师 以外  人物一 可能 人物二 姨母,-1
TRAIN_SENT_ID_256874,,仲由,孔子,例如 ， 孔子 的 弟子 仲由 ， 字 子路 ， 就是 卫国 大夫 孔 俚 的 家 宰 ， 因为 孔 俚 属于 季氏 家族 ， 因此 子路 的 官称 就是 “ 季氏 宰 ” 。,人物二 弟子 人物一  字 子路  卫国 大夫 孔 俚 家 宰  孔 俚 属于 季氏 家族  子路 官称  季氏 宰,1
TRAIN_SENT_ID_279320,,陈玄风,黄药师,而后 黄药师 娶 冯衡 为 妻 ， 早年 所收 的 徒弟 除去 陈玄风 、 梅超风 、 曲灵风 、 陆乘风 四大 弟子 之外 还有 两个 小 弟子 武眠风 和 冯默风 。,人物二 娶 冯衡 妻  早年 所收 徒弟 除去 人物一  梅超风  曲灵风  陆乘风 四大 弟子 之外 两个 弟子 武眠风 冯默风,1
TRAIN_SENT_ID_252578,,颜回,孔子,五月 ， 乙卯 朔 ， 诏 追封 孔子 弟子 兖公 颜回 为 国公 ， 费侯 闵损 等 九 人为 郡公 ， 成伯 曾 参等 六十二 人为 列侯 ， 冥 相群 官分 撰赞 。,五月  乙卯 朔  诏 追封 人物二 弟子 兖公 人物一 国公  费侯 闵损 九 人为 郡公  成伯 参等 六十二 人为 列侯  冥 相群 官分 撰赞,1
TRAIN_SENT_ID_269494,,李国豪,李香凝,李国豪 是 家里 的 长子 ， 家里 有 一位 妹妹 （ 李香凝 ） ， 在 家中 排行 老大 ， 其父 是 截拳道 宗师 李小龙 ， 其母 是 琳 达 · 埃 莫瑞 。,人物一 家里 长子  家里 一位 妹妹  人物二   家中 排行 老大  其父 截拳道 宗师 李小龙  其母 琳 达  埃 莫瑞,1
TRAIN_SENT_ID_281434,,范静生,范旭东,范静生 （ 即 范源 廉 ， 著名 化工 专家 范旭东 之 长兄 ） ， 生于 1875 年 ， 卒 于 1927 年 ， 湖南 湘阴 人 ， 是 梁启超 的 得意门生 。,人物一  范源 廉  著名 化工 专家 人物二 长兄   生于  年  卒  年  湖南 湘阴  梁启超 得意门生,1
TRAIN_SENT_ID_281966,,梁经纶,何其沧,燕大 进步 女 学生 谢木兰 、 经济系 教授 梁经纶 、 燕京大学 副校长 何其沧 之女 何孝钰 亦 在 其中 。,燕大 进步 女 学生 谢木兰  经济系 教授 人物一  燕京大学 副校长 人物二 之女 何孝钰,1
TRAIN_SENT_ID_253120,,颜回,孔子,叔 孙武 叔多 攻击 别人 的 过失 ， 他 求教 颜回 时 ， 颜回 引用 孔子 的话 告诫 叔 孙武 叔 ， 并 说 ： “ 君子 攻其恶 ， 无攻 人之恶 。 ”,叔 孙武 叔多 攻击 过失  求教 人物一 时  人物一 引用 人物二 告诫 叔 孙武 叔  说   君子 攻其恶  无攻 人之恶,1
TRAIN_SENT_ID_264944,,贾元春,贾宝玉,八十回 后 之 贾元春 ， 史湘云 嫁 贾宝玉 说 辨 林黛玉 之死 ， 贾宝玉 真的 “ 悬崖撒手 ” 了 吗 ？,八十回 人物一  史湘云 嫁 人物二 说 辨 林黛玉 之死  人物二 真的  悬崖撒手,1
TRAIN_SENT_ID_268951,,韩非,荀子,解释 : 指 韩非 : 韩非 ( 前 280 年 - - 前 233 年 ) ， 韩非 尊称 韩非子 或 韩子 ， 韩王 歇 之子 、 荀子 的 学生 。,解释  指 人物一  人物一  前  年   前  年   人物一 尊称 人物一子 韩子  韩王 歇 之子  人物二 学生,1
TRAIN_SENT_ID_266143,,李昌镐,曹薰铉,俞斌 第二次 出风头 是 99 年 的 LG 杯 世界 棋王赛 ， 当时 四强 是 刘昌赫 、 曹薰铉 、 李昌镐 、 俞斌 ， 半决赛 刘昌赫 对 李昌镐 ， 曹薰铉 对 俞斌 。,俞斌 第二次 出风头  年  杯 世界 棋王赛  当时 四强 刘昌赫  人物二  人物一  俞斌  半决赛 刘昌赫 人物一  人物二 俞斌,-1
TRAIN_SENT_ID_249037,,吕洞宾,韩湘子,门扇 左右 雕有 四位 “ 八仙 ” 中 人物 ， 分别 是 吕洞宾 、 韩湘子 、 篮采 和 和 铁拐李 。,门扇 左右 雕有 四位  八仙  中 人物  人物一  人物二  篮采 铁拐李,-1
TRAIN_SENT_ID_285116,,松冈江,松冈凛,（ 松冈江 、 松冈凛 （ 小学生 ） ） 松冈江,人物一  人物二  小学生   人物一,1
TRAIN_SENT_ID_255340,,卫夫人,王羲之,卫夫人 与 王羲之 的 父亲 王旷 是 中 表亲 ， 故 王羲之 幼时 得亲 承 卫夫人 的 教诲 。,人物一 人物二 父亲 王旷 中 表亲  人物二 幼时 得亲 承 人物一 教诲,1
TRAIN_SENT_ID_260963,,杨露禅,陈长兴,杨露禅 准备 去 河南 陈家沟 ， 拜 太极 高手 陈长兴 为师 ， 路遇 女扮男装 的 格格 公主 、 广平 小霸王 柳大年 。,人物一 准备 河南 陈家沟  拜 太极 高手 人物二 为师  路遇 女扮男装 格格 公主  广平 小霸王 柳大年,1
TRAIN_SENT_ID_285334,,顾坎,刘德六,顾坎 （ 1855 年 - 1925 年 ） ， 字渊 如 ， 江苏 吴江 芦墟 人 ， 为 陆恢 师弟 ， 同师于 刘德六 。,人物一   年   年   字渊  江苏 吴江 芦墟  陆恢 师弟  同师于 人物二,1
TRAIN_SENT_ID_269357,,王中军,王中磊,公司 是 王中军 和 弟弟 王中磊 合力 经营 的 ， 故有 兄弟 一说 ， 综合 阅为 兄弟 一家亲 ， 中华 根连根 。,公司 人物一 弟弟 人物二 合力 经营  故有 兄弟 一说  综合 阅为 兄弟 一家亲  中华 根连根,1
TRAIN_SENT_ID_265326,,陈本,陈骞,便 将 此 形势 告知 两个 儿子 ， 长子 陈本 想不出 什么 主意 ， 而 陈骞 则 对 其父 说 ： “ 主上 是 一位 圣明 的 君主 ， 而 父亲 大人 您 则 是 一位 顾命 大臣 。,便 形势 告知 两个 儿子  长子 人物一 想不出 主意  人物二 其父 说   主上 一位 圣明 君主  父亲 大人 一位 顾命 大臣,1
TRAIN_SENT_ID_249010,,吕洞宾,韩湘子,韩湘子 ， 字 清夫 ， 是 古代 汉族 民间传说 故事 中 的 八仙 之一 ， 擅吹 洞箫 ， 拜 吕洞宾 为 师学道 。,人物二  字 清夫  古代 汉族 民间传说 故事 中 八仙  擅吹 洞箫  拜 人物一 师学道,-1
TRAIN_SENT_ID_279229,,张民权,齐白石,母亲 － 赵粹艇 ， 与 张民权 同 是 毕业 于 北平 艺专 国画系 ， 师从 于 齐白石 ， 亲得 齐白石 画 熊猫 的 传授 （ 熊猫 国画 照 ） ， 乐乐熊 由来 于 此 。,母亲  赵粹艇  人物一 毕业 北平 艺专 国画系  师从 人物二  亲得 人物二 画 熊猫 传授  熊猫 国画   乐乐熊 由来,1
TRAIN_SENT_ID_261587,,宋小宝,赵本山,《 樱桃 》 主要 人物 : 赵本山 徒弟 : 宋小宝 排名第 96 :,樱桃  主要 人物  人物二 徒弟  人物一 排名第,-1
TRAIN_SENT_ID_256824,,孙周,孙淳,孙淳 的 哥哥 孙周 是 导演 。,人物二 哥哥 人物一 导演,1
TRAIN_SENT_ID_257563,,毛泽民,毛泽东,为此 ， 毛泽东 派 弟弟 毛泽民 回乡 劝导 创办 新学 。,人物二 派 弟弟 人物一 回乡 劝导 创办 新学,1
TRAIN_SENT_ID_285486,,陶哲渊,陶哲轩,陶哲渊 （ TrevorTao ） （ 1977 年 ～ ） ， “ 菲尔茨奖 ” 获得者 陶哲轩 的 弟弟 ， 出生 在 澳大利亚 阿得雷 德 ， 是 家中 的 次子 。,人物一      年     菲尔茨奖  获得者 人物二 弟弟  出生 澳大利亚 阿得雷 德  家中 次子,1
TRAIN_SENT_ID_271501,,孟优,孟获,不过 孟获 和 孟优 两 兄弟 也 都 在 。,人物二 人物一 两 兄弟,1
TRAIN_SENT_ID_254280,,张顺,张横,张横 对 张顺 道 ： “ 兄弟 ， 今日 我 和 你 同死 。 ”,人物二 人物一 道   兄弟  今日 同死,1
TRAIN_SENT_ID_277507,,杜纮,杜纯,杜纮 基本 资料 : 杜纮 ， 字君章 ， 杜纯 弟 ， 濮州 鄄城 人 。,人物一 基本 资料  人物一  字君章  人物二 弟  濮州 鄄城,-1
TRAIN_SENT_ID_274690,,冯国纶,冯国经,冯国经 、 冯国纶 兄弟 （ VictorWilliamFung ）,人物二  人物一 兄弟,1
TRAIN_SENT_ID_253993,,周恩寿,周恩来,周恩寿 终于 被 一坏 邻居 告发 ， 理由 是 ： 他 是 周恩来 的 亲 弟弟 。,人物一 终于 一坏 邻居 告发  理由  人物二 亲 弟弟,1
TRAIN_SENT_ID_271572,,赵敏,王保保,后 在 夺取 大都 后西进 与 元 猛将 扩廓 帖 木儿 （ 就是 赵敏 的 哥哥 王保保 ） 军 进行 了 艰苦 的 搏战 ， 平定 山西 ， 陕西 。,夺取 大都 后西进 元 猛将 扩廓 帖 木儿  人物一 哥哥 人物二  军 进行 艰苦 搏战  平定 山西  陕西,1
TRAIN_SENT_ID_274692,,冯国纶,冯国经,冯国经 、 冯国纶 兄弟,人物二  人物一 兄弟,1
TRAIN_SENT_ID_265731,,李三思,李三省,李大娘 — — “ 铁掌 飞凤 ” 孙岚 、 李三思 孪生 弟弟 李三省 的 妻子 、 李逍遥 的 婶婶,李大娘    铁掌 飞凤  孙岚  人物一 孪生 弟弟 人物二 妻子  李逍遥 婶婶,1
TRAIN_SENT_ID_274403,,林丽娟,李多奎,林丽娟 活动 年表 : 1959 年 10 月 ， 农历 己亥 年 ： 李多奎 收 林丽娟 为徒 李多奎 收 林丽娟 为徒 。,人物一 活动 年表   年  月  农历 己亥 年  人物二 收 人物一 为徒 人物二 收 人物一 为徒,1
TRAIN_SENT_ID_274686,,冯国纶,冯国经,冯国经 、 冯国纶 兄弟 / VictorWilliamFung,人物二  人物一 兄弟,1
TRAIN_SENT_ID_275809,,白兔公子,彭祖,秀眉 公 人物 简介 : 彭祖 有 8 大 弟子 ： 青衣 乌公 、 黑穴公 、 秀眉 公 、 白兔公子 、 离患公 、 太足君 、 高丘子 、 不肯 来 。,秀眉 公 人物 简介  人物二  弟子  青衣 乌公  黑穴公  秀眉 公  人物一  离患公  太足君  高丘子  不肯,-1
TRAIN_SENT_ID_254251,,张顺,张横,张横 是 水寨 头领 ， 他 和 兄弟 张顺 议定 ： “ 我 和 你 兄弟 两个 ， 自来 寨 中 ， 不曾 建功 。,人物二 水寨 头领  兄弟 人物一 议定   兄弟 两个  自来 寨 中  不曾 建功,1
TRAIN_SENT_ID_257547,,毛泽民,毛泽东,周彬 就是 这种 人 ， 他 是 毛泽东 的 弟弟 毛泽民 。 ”,周彬 这种  人物二 弟弟 人物一,1
TRAIN_SENT_ID_257586,,毛泽民,毛泽东,但 毛泽东 常年 在外 ， 小弟 毛泽覃 也 在 长沙 求学 ， 毛泽民 便成 了 事实上 的 户主 。,人物二 常年 在外  小弟 毛泽覃 长沙 求学  人物一 便成 事实上 户主,1
TRAIN_SENT_ID_259731,,李偲菘,李伟菘,李偲菘 是 李伟菘 的 孪生 弟弟 。,人物一 人物二 孪生 弟弟,1
TRAIN_SENT_ID_275139,,孙立荣,赵本山,她 就是 赵本山 门下 的 第一位 女弟子 孙立荣 ， 但 “ 赵氏 高徒 ” 的 名分 却是 她 自己 争取 来 的 。,人物二 门下 第一位 女弟子 人物一   赵氏 高徒  名分 却是 争取,-1
TRAIN_SENT_ID_261634,,宋小宝,赵本山,（ 赵本山 评价 ） 《 樱桃 》 主要 人物 : 赵本山 徒弟 : 宋小宝 排名第 94 :,人物二 评价   樱桃  主要 人物  人物二 徒弟  人物一 排名第,-1
TRAIN_SENT_ID_259621,,季布,季心,季布 的 弟弟 名叫 季心 ， 他 的 勇气 胜过 关中 所有 的 人 。,人物一 弟弟 名叫 人物二  勇气 胜过 关中,1
TRAIN_SENT_ID_269737,,尤尼卡,尤米娜,尤米娜 的 哥哥 ： 尤尼卡,人物二 哥哥  人物一,1
TRAIN_SENT_ID_257558,,毛泽民,毛泽东,期间 ， 毛泽东 和 弟弟 毛泽民 、 毛泽潭 搀扶着 老母 到 照相馆 合影留念 。,期间  人物二 弟弟 人物一  毛泽潭 搀扶着 老母 照相馆 合影留念,1
TRAIN_SENT_ID_263393,,武修文,武敦儒,第一章 介绍 ： 那 摔破 额角 的 叫做 武敦儒 ， 是 哥哥 ， 弟弟 叫做 武修文 。,第一章 介绍  摔破 额角 叫做 人物二  哥哥  弟弟 叫做 人物一,1
TRAIN_SENT_ID_254003,,周恩寿,周恩来,周秉建 的 父亲 ， 也 是 周恩来 的 小弟弟 周恩寿 不久前 因 莫须有 罪名 蒙冤 入狱 。,周秉建 父亲  人物二 小弟弟 人物一 不久前 莫须有 罪名 蒙冤 入狱,1
TRAIN_SENT_ID_278787,,李夏曦,李冬旭,李冬旭 人物 简介 : 他 是 李夏曦 的 龙凤胎 弟弟 ， 家境 贫穷 的 医学院 毕业 高材生 ， 性格 随和 ， 是非分明 ， 为 人 理智 。,人物二 人物 简介  人物一 龙凤胎 弟弟  家境 贫穷 医学院 毕业 高材生  性格 随和  是非分明  理智,1
TRAIN_SENT_ID_284765,,张彤云,张玄,能够 与 谢道韫 相提并论 的 在 当时 只有 同郡 的 张彤云 ， 张彤云 是 张玄 的 妹妹 ， 论 家世 自然 不及 谢家 ， 论 才情 却 差堪 比拟 ， 张彤云 嫁 到 顾家 。,能够 谢道韫 相提并论 当时 同郡 人物一  人物一 人物二 妹妹  家世 自然 不及 谢家  才情 差堪 比拟  人物一 嫁 顾家,1
TRAIN_SENT_ID_265115,,杨志刚,郭靖宇,这 也 是 身为 郭靖宇 妻子 的 岳丽娜 产后 接拍 的 第一部 戏 ， 与此同时 ， 郭导 的 弟弟 杨志刚 也 推掉 了 很多 部 其他 片约 义无反顾 加盟 出演 。,身为 人物二 妻子 岳丽娜 产后 接拍 第一部 戏   郭导 弟弟 人物一 推掉 很多 部 片约 义无反顾 加盟 出演,1
TRAIN_SENT_ID_274682,,冯国纶,冯国经,冯国经 商界 成果 : 冯国经 和 弟弟 冯国纶 一起 努力 拼搏 20 年 ， 利丰 打下 了 全球 供应链 整合 的 坚实基础 。,人物二 商界 成果  人物二 弟弟 人物一 一起 努力 拼搏  年  利丰 打下 全球 供应链 整合 坚实基础,1
TRAIN_SENT_ID_265860,,花雄,花木兰,花雄 ， 男 ， 花木兰 的 的 弟弟 。,人物一  男  人物二 弟弟,1
TRAIN_SENT_ID_261588,,宋小宝,赵本山,《 樱桃 》 主要 人物 : 赵本山 徒弟 : 宋小宝 排名第 56 :,樱桃  主要 人物  人物二 徒弟  人物一 排名第,-1
TRAIN_SENT_ID_255361,,贾午,贾南风,贾午 是 贾南风 的 妹妹 ， 后来 因为 这个 缘故 ， 贾午 和 韩寿 也 遇害 了 。,人物一 人物二 妹妹  后来 缘故  人物一 韩寿 遇害,1
TRAIN_SENT_ID_256505,,周武,周文,薛仁贵 在 荒草 山艺 压群豪 ， 与 大 寨主 过山虎 周青 及 周文 、 周武 、 姜兴本 、 姜兴霸 、 李庆先 、 李庆红 结为 兄弟 。,薛仁贵 荒草 山艺 压群豪  寨主 过山虎 周青 人物二  人物一  姜兴本  姜兴霸  李庆先  李庆红 结为 兄弟,1
TRAIN_SENT_ID_257559,,毛泽民,毛泽东,“ 毛泽东 的 弟弟 ， 毛泽民 ！,人物二 弟弟  人物一,1
TRAIN_SENT_ID_254000,,周恩寿,周恩来,他 和 爱妻 万冬儿 生下 了 周恩来 、 周恩溥 和 周恩寿 三 兄弟 。,爱妻 万冬儿 生下 人物二  周恩溥 人物一 三 兄弟,1
TRAIN_SENT_ID_260577,,金敬姬,金正日,金正日 生前 最 亲近 的 人 莫过于 妹妹 金敬姬 和 妹夫 张成泽 。,人物二 生前 亲近 莫过于 妹妹 人物一 妹夫 张成泽,1
TRAIN_SENT_ID_250109,,武敦儒,武修文,姓名 ： 武敦儒 （ 哥哥 ） 、 武修文 （ 弟弟 ） 、,姓名  人物一  哥哥   人物二  弟弟,1
TRAIN_SENT_ID_265858,,花雄,花木兰,花木兰 磨刀 的 弟弟 叫 花雄,人物二 磨刀 弟弟 人物一,1
TRAIN_SENT_ID_266057,,张学思,张学良,1938 年 11 月 ， 张廷桢 转入 马列 学院 ， 在 柯庆施 任 班主任 的 职工 班 学习 （ 同学 中有 张学良 的 弟弟 张学思 和 江青 等 ） ， 任 党组织 干事 。,年  月  张廷桢 转入 马列 学院  柯庆施 班主任 职工 班 学习  同学 中有 人物二 弟弟 人物一 江青   党组织 干事,1
TRAIN_SENT_ID_277688,,平阳君,赵惠文王,赵惠文王 二十七年 （ 前 272 年 ） ， 赵惠文王 封 赵豹 为 平阳君 。,人物二 二十七年  前  年   人物二 封 赵豹 人物一,1
TRAIN_SENT_ID_257602,,毛泽民,毛泽东,接着 ， 毛泽东 告诉 弟弟 毛泽民 ： 小弟弟 毛泽覃 在 江西 被 敌人 杀害 了 。,人物二 告诉 弟弟 人物一  小弟弟 毛泽覃 江西 敌人 杀害,1
TRAIN_SENT_ID_274618,,常赫志,常伯志,常伯志 特点 : 常家 兄弟 身材 相貌 完全 一样 ， 就是 哥哥 眼角 上 多 了 一粒 黑痣 ， 所以 起名叫 做 常赫志 ， 弟弟 没痣 ， 叫 常伯志 。,人物二 特点  常家 兄弟 身材 相貌 完全  哥哥 眼角 一粒 黑痣  起名叫 做 人物一  弟弟 没痣  人物二,1
TRAIN_SENT_ID_261156,,王缙,王维,王缙 家族 成员 : 哥哥 ： 王维,人物一 家族 成员  哥哥  人物二,1
TRAIN_SENT_ID_271515,,孟优,孟获,孟获 再次 回到 洞中 ， 他 的 弟弟 孟优 给 他 献 了 个 计谋 。,人物二 再次 回到 洞中  弟弟 人物一 献 计谋,1
TRAIN_SENT_ID_267459,,唐继虞,唐继尧,此外 ， 唐继尧 、 唐继虞 兄弟 对 国民政府 的 反抗 态度 也 加剧 了 不满 。,人物二  人物一 兄弟 国民政府 反抗 态度 加剧 不满,1
TRAIN_SENT_ID_267509,,裘千丈,裘千仞,裘千丈 人物 家族 : 双胞胎 弟弟 ： 裘千仞,人物一 人物 家族  双胞胎 弟弟  人物二,1
TRAIN_SENT_ID_274170,,平和岛静雄,平和岛幽,平和岛幽 人物 设定 : 平和岛静雄 的 弟弟 。,人物二 人物 设定  人物一 弟弟,1
TRAIN_SENT_ID_257564,,毛泽民,毛泽东,他 是 毛泽东 的 弟弟 毛泽民 。 ”,人物二 弟弟 人物一,1
TRAIN_SENT_ID_251436,,李瀚章,李鸿章,李鸿章 做 湖广 总督 ， 不满 一年 ， 就 调任 直隶 总督 ， 接任 湖广 总督 的 是 他 的 哥哥 李瀚章 。,人物二 做 湖广 总督  不满 一年  调任 直隶 总督  接任 湖广 总督 哥哥 人物一,1
TRAIN_SENT_ID_277687,,平阳君,赵惠文王,平阳君 ， 是 平原君赵胜 的 兄弟 ， 赵惠文王 的 弟弟 ， 赵孝成王 的 叔叔 。,人物一  平原君赵胜 兄弟  人物二 弟弟  赵孝成王 叔叔,1
TRAIN_SENT_ID_269001,,韩非,荀子,一般 认为 ， 性恶论 由 先秦 儒家 的 集大成者 荀子 提出 ， 继而 为 法家 代表 韩非 所 发展 ， 在 我国 历史 上 有 其 深远影响 。,认为  性恶论 先秦 儒家 集大成者 人物二 提出  法家 代表 人物一 发展  我国 历史 深远影响,-1
TRAIN_SENT_ID_266050,,张学思,张学良,张学良 示意 张学思 别 吱声 ， 他 指 了 指 墙壁 （ 暗示 装有 窃听器 ） ， 然后 拿出 纸 和 铅笔 ， 兄弟俩 进行 着 无声 的 “ 谈话 ” 。,人物二 示意 人物一 吱声  指 指 墙壁  暗示 装有 窃听器   拿出 纸 铅笔  兄弟俩 进行 无声  谈话,-1
TRAIN_SENT_ID_252790,,颜回,孔子,鲤即 孔鲤 ， 孔子 的 儿子 ； 回即 颜回 ， 孔子 的 学生 ； 二人 都 因 贫穷 ， 死 了 买不起 棺材 。,鲤即 孔鲤  人物二 儿子  回即 人物一  人物二 学生  二人 贫穷  死 买不起 棺材,1
TRAIN_SENT_ID_253055,,颜回,孔子,见 《 孔子 家语 ． 颜回 》 。,见  人物二 家语 ． 人物一,-1
TRAIN_SENT_ID_256979,,仲由,孔子,《 孔子 家语 · 致思 》 ： “ 由 （ 仲由 ） 也 事亲 ， 可谓 生事 尽力 ， 死事 尽思者 也 。 ”,人物二 家语  致思     人物一  事亲  可谓 生事 尽力  死事 尽思者,-1
TRAIN_SENT_ID_282886,,赵桐光,桑红林,她 的 得意 弟子 赵桐光 被 陈云 同志 誉为 “ 小 刘宝 桑红林 1962 年 剧照 全 ” ， 杨凤杰 也 很 好 地 继承 其 艺术风格 。,得意 弟子 人物一 陈云 同志 誉为  刘宝 人物二  年 剧照 全   杨凤杰 继承 艺术风格,-1
TRAIN_SENT_ID_252971,,颜回,孔子,【 出处 】 《 孔子 家语 · 颜回 》 ： “ 公闻 之 ， 越席 而 起 。 ”,出处   人物二 家语  人物一    公闻  越席,-1
TRAIN_SENT_ID_252909,,颜回,孔子,颜回 以 “ 豫 ” 、 “ 恕 ” 告之 （ 《 孔子 家语 · 颜回 》 ） 。,人物一  豫    恕  告之   人物二 家语  人物一,-1
TRAIN_SENT_ID_252715,,颜回,孔子,， 《 孔子 家语 》 、 《 庄子 》 两书 对 颜回 将 西游 也 有 记载 ， 只是 文字 略有不同 。,人物二 家语    庄子  两书 人物一 西游 记载  文字 略有不同,-1
TRAIN_SENT_ID_252497,,颜回,孔子,如果 是 这样 ， 那么 颜氏 之儒 就 应该 是 由 颜回 弟子 创立 ， 但 又 尊奉 颜回 ； 因 颜回 先于 孔子 而 卒 ， 根本 不 可能 立派 。,颜氏 之儒 应该 人物一 弟子 创立  尊奉 人物一  人物一 先于 人物二 卒  根本 可能 立派,-1
TRAIN_SENT_ID_252661,,颜回,孔子,《 孔子 家语 · 颜回 》 ： “ 舜不穷 其 民力 ， 造父 不穷 其 马力 ， 是 以 舜 无 佚民 ， 造父 无佚 马 。 ”,人物二 家语  人物一    舜不穷 民力  造父 不穷 马力  舜 佚民  造父 无佚 马,-1
TRAIN_SENT_ID_253126,,颜回,孔子,’ ” 《 孔子 家语 · 颜回 》 ： “ 吾子 之 言 ， 其义 大 矣 ， 愿少 进乎 ？ ”,人物二 家语  人物一    吾子 言  其义  愿少 进乎,-1
TRAIN_SENT_ID_249008,,吕洞宾,韩湘子,从 “ 八仙 ” 故事 来 印证 ， 铁拐李 、 汉 钟离 、 蓝采和 、 张果老 、 何仙姑 、 吕洞宾 、 韩湘子 、 曹国舅 。,八仙  故事 印证  铁拐李  汉 钟离  蓝采和  张果老  何仙姑  人物一  人物二  曹国舅,-1
TRAIN_SENT_ID_249069,,吕洞宾,韩湘子,八仙 ： 铁拐李 、 汉 钟离 、 吕洞宾 、 何仙姑 、 蓝采和 、 韩湘子 、 曹国舅 、 张果老,八仙  铁拐李  汉 钟离  人物一  何仙姑  蓝采和  人物二  曹国舅  张果老,-1
TRAIN_SENT_ID_249044,,吕洞宾,韩湘子,铁拐李 、 汉 钟离 、 吕洞宾 、 何仙姑 、 蓝采和 、 韩湘子 、 曹国舅 、 张果老,铁拐李  汉 钟离  人物一  何仙姑  蓝采和  人物二  曹国舅  张果老,-1
TRAIN_SENT_ID_248974,,吕洞宾,韩湘子,3 ） 蓬莱 八仙 ： 张果老 、 汉 钟离 、 吕洞宾 、 蓝采和 、 韩湘子 、 何仙姑 、 曹国舅 、 铁拐李 。,蓬莱 八仙  张果老  汉 钟离  人物一  蓝采和  人物二  何仙姑  曹国舅  铁拐李,-1
TRAIN_SENT_ID_248975,,吕洞宾,韩湘子,八仙 是 张果老 、 吕洞宾 、 韩湘子 、 何仙姑 、 李铁拐 、 钟离 、 曹国舅 、 蓝采和 。,八仙 张果老  人物一  人物二  何仙姑  李铁拐  钟离  曹国舅  蓝采和,-1
TRAIN_SENT_ID_249101,,吕洞宾,韩湘子,八仙 是 张果老 、 吕洞宾 、 韩湘子 、 何仙姑 、 铁拐李 、 钟离 、 曹国舅 、 蓝采和 。,八仙 张果老  人物一  人物二  何仙姑  铁拐李  钟离  曹国舅  蓝采和,-1
TRAIN_SENT_ID_249004,,吕洞宾,韩湘子,汉 钟离 、 张果老 、 吕洞宾 、 曹国舅 、 铁拐李 、 蓝采和 、 韩湘子 和 何仙姑 。,汉 钟离  张果老  人物一  曹国舅  铁拐李  蓝采和  人物二 何仙姑,-1
TRAIN_SENT_ID_249017,,吕洞宾,韩湘子,3 . 蓬莱 八仙 ： 张果老 、 汉 钟离 、 吕洞宾 、 蓝采和 、 韩湘子 、 何仙姑 、 曹国舅 、 铁拐李 。,蓬莱 八仙  张果老  汉 钟离  人物一  蓝采和  人物二  何仙姑  曹国舅  铁拐李,-1
TRAIN_SENT_ID_249096,,吕洞宾,韩湘子,八仙 是 张果老 、 吕洞宾 、 韩湘子 、 何仙姑 、 李铁拐 、 汉 钟离 、 曹国舅 、 蓝采和 。,八仙 张果老  人物一  人物二  何仙姑  李铁拐  汉 钟离  曹国舅  蓝采和,-1
TRAIN_SENT_ID_249073,,吕洞宾,韩湘子,26 . 神话 八仙 ： 铁拐李 汉 钟离 张果老 何仙姑 蓝采和 吕洞宾 韩湘子 曹国舅,神话 八仙  铁拐李 汉 钟离 张果老 何仙姑 蓝采和 人物一 人物二 曹国舅,-1
TRAIN_SENT_ID_249042,,吕洞宾,韩湘子,"吕洞宾 , 铁拐李 、 汉 钟离 、 蓝采和 、 张果老 、 何仙姑 、 韩湘子 、 曹国舅 并 称为 “ 八洞 神仙 “",人物一  铁拐李  汉 钟离  蓝采和  张果老  何仙姑  人物二  曹国舅 称为  八洞 神仙,-1
TRAIN_SENT_ID_278069,,马枪月,谷本夏,《 史上 最强 弟子 兼 一 》 马枪月 （ 马剑星 的 亲哥哥 ， 也 是 第六 拳豪 谷本夏 的 师傅 ， TV27 客串 ）,史上 最强 弟子 兼  人物一  马剑星 亲哥哥  第六 拳豪 人物二 师傅   客串,-1
TRAIN_SENT_ID_261145,,武元庆,武则天,— 707 ） 武则天 之 侄 ， 武元庆 之子 ， 封梁王 ， 历任 礼部 尚书 、 兵部 尚书 、 凤阁 侍郎,人物二 侄  人物一 之子  封梁王  历任 礼部 尚书  兵部 尚书  凤阁 侍郎,1
TRAIN_SENT_ID_270584,,全真七子,王重阳,王重阳 与 全真七子 （ 长春 子 丘处机 、 玉阳子 王处一 、 广宁子 郝大通 、,人物二 人物一  长春 子 丘处机  玉阳子 王处一  广宁子 郝大通,1
TRAIN_SENT_ID_277693,,金艺纶,金赛纶,金艺纶 演艺 经历 : 金艺纶 和 姐姐 金赛纶 面貌 相似 ， 却 拥有 截然不同 金艺纶 ( 10 张 ),人物一 演艺 经历  人物一 姐姐 人物二 面貌 相似  拥有 截然不同 人物一   张,1
TRAIN_SENT_ID_264373,,曾国潢,曾国藩,曾国藩 同治 十年 三月初 三日 写给 曾国潢 、 曾国荃 的 家书,人物二 同治 十年 三月初 三日 写给 人物一  曾国荃 家书,1
TRAIN_SENT_ID_252511,,颜回,孔子,《 孔子 家语 · 终记 》 ： “ 子贡曰 ： ‘ 昔 夫子 之丧 颜回 也 ， 若丧 其子 而 无服 ， 丧 子路 亦然 。,人物二 家语  终记    子贡曰   昔 夫子 之丧 人物一  若丧 其子 无服  丧 子路 亦然,-1
TRAIN_SENT_ID_248990,,吕洞宾,韩湘子,新 八仙 传奇 内容提要 : 本剧 讲述 了 李玄 、 吕洞宾 、 铁拐李 、 韩湘子 、 何仙姑 等 八人 得道成仙 的 传奇 故事 。,新 八仙 传奇 内容提要  本剧 讲述 李玄  人物一  铁拐李  人物二  何仙姑 八人 得道成仙 传奇 故事,-1
TRAIN_SENT_ID_249021,,吕洞宾,韩湘子,铁拐李 、 汉 钟离 、 张果老 、 何仙姑 、 蓝采和 、 吕洞宾 、 韩湘子 、 曹国舅,铁拐李  汉 钟离  张果老  何仙姑  蓝采和  人物一  人物二  曹国舅,-1
TRAIN_SENT_ID_252670,,颜回,孔子,《 孔子 家语 · 颜回 》 ： “ 颜回 问 於 孔子 曰 ： ‘ 小人 之言有 同乎 君子 者 ， 不可不 察 也 ！,人物二 家语  人物一    人物一 问 於 人物二 曰   小人 之言有 同乎 君子  不可不 察,-1
TRAIN_SENT_ID_248986,,吕洞宾,韩湘子,就是 汉 钟离 、 张果老 、 吕洞宾 、 铁拐李 、 韩湘子 、 曹国舅 、 蓝采和 、 何仙姑 。,汉 钟离  张果老  人物一  铁拐李  人物二  曹国舅  蓝采和  何仙姑,-1
TRAIN_SENT_ID_256987,,仲由,孔子,注释 : 仲由 ， 字 子路 、 季路 ， 春秋时期 鲁国 人 ， 孔子 的 得意 弟子 ， 性格 直率 勇敢 ， 十分 孝顺 。,注释  人物一  字 子路  季路  春秋时期 鲁国  人物二 得意 弟子  性格 直率 勇敢  十分 孝顺,-1
TRAIN_SENT_ID_284541,,范瑞亭,沈竹善,范瑞亭 演员 范瑞亭 : 范瑞亭 ， 中国 相声 艺术家 ， 师承 沈竹善 。,人物一 演员 人物一  人物一  中国 相声 艺术家  师承 人物二,-1
TRAIN_SENT_ID_265469,,薛谭,秦青,一天 ， 他 的 学生 薛谭 认为 学完 了 他 的 歌唱 技巧 ， 请求 回家 ， 秦青 没有 阻止 ， 为此 ， 秦青 便 在 郊外 设宴 给 学生 薛谭 送行 。,一天  学生 人物一 认为 学完 歌唱 技巧  请求 回家  人物二 没有 阻止   人物二 便 郊外 设宴 学生 人物一 送行,-1
TRAIN_SENT_ID_265431,,薛谭,秦青,薛谭 向 秦青 学习 唱歌 ， 还 没有 学完 秦青 的 技艺 ， 就 以为 学尽 了 ， 于是 就 告辞 回家 。,人物一 人物二 学习 唱歌  没有 学完 人物二 技艺  学尽  告辞 回家,-1
TRAIN_SENT_ID_256921,,仲由,孔子,内丘县 郭巨 孝 文化 百里 负米 : 仲由 ， 字 子路 、 季路 ， 春秋时期 鲁国 人 ， 孔子 的 得意 弟子 ， 性格 直率 勇敢 ， 十分 孝顺 。,内丘县 郭巨 孝 文化 百里 负米  人物一  字 子路  季路  春秋时期 鲁国  人物二 得意 弟子  性格 直率 勇敢  十分 孝顺,-1
TRAIN_SENT_ID_249101,,吕洞宾,韩湘子,八仙 是 张果老 、 吕洞宾 、 韩湘子 、 何仙姑 、 铁拐李 、 钟离 、 曹国舅 、 蓝采和 。,八仙 张果老  人物一  人物二  何仙姑  铁拐李  钟离  曹国舅  蓝采和,-1
TRAIN_SENT_ID_252714,,颜回,孔子,孔子 谓 颜回 曰 ： “ 吾 服 汝 也 忘 ， 而汝服 于 我 也 亦 忘 。,人物二 谓 人物一 曰   吾 服 汝 忘  而汝服 忘,-1
TRAIN_SENT_ID_249001,,吕洞宾,韩湘子,内容 为 八仙 的 神话传说 ， 记叙 铁拐李 、 汉 钟离 、 吕洞宾 、 张果老 、 蓝采和 、 何仙姑 、 韩湘子 、 曹国舅 八位 神仙 修炼 得 道 的 过程 。,内容 八仙 神话传说  记叙 铁拐李  汉 钟离  人物一  张果老  蓝采和  何仙姑  人物二  曹国舅 八位 神仙 修炼 道 过程,-1
TRAIN_SENT_ID_261711,,汤镇业,汤镇宗,与 刘德华 、 梁朝伟 、 黄日华 、 苗侨伟 并 称为 八十年代 汤镇业 “ 无线 五虎将 ” ， 其兄 为 香港 著名演员 汤镇宗 。,刘德华  梁朝伟  黄日华  苗侨伟 称为 八十年代 人物一  无线 五虎将   其兄 香港 著名演员 人物二,1
TRAIN_SENT_ID_283853,,侯耀文,赵佩茹,镶蓝旗 侯耀文 : 侯耀文 ， 满族 镶 蓝 旗人 ， 师承 满族 相声 艺术 大家 赵佩茹 ， 其父 是 著名 相声 表演艺术家 侯宝林 。,镶蓝旗 人物一  人物一  满族 镶 蓝 旗人  师承 满族 相声 艺术 人物二  其父 著名 相声 表演艺术家 侯宝林,-1
TRAIN_SENT_ID_248999,,吕洞宾,韩湘子,八仙 是 古代 神话传说 中 的 八位 神仙 ， 他们 是 李铁拐 、 钟离权 、 张果老 、 何仙姑 、 蓝采和 、 吕洞宾 、 曹国舅 、 韩湘子 。,八仙 古代 神话传说 中 八位 神仙  李铁拐  钟离权  张果老  何仙姑  蓝采和  人物一  曹国舅  人物二,-1
TRAIN_SENT_ID_269921,,沈春阳,赵本山,据 透露 ， 这次 的 作品 由 赵本山 亲自 操刀 ， 小 沈阳 、 沈春阳 、 丫蛋儿 、 王金龙 等 8 位 精英 全新 打造 。,透露  作品 人物二 亲自 操刀  沈阳  人物一  丫蛋儿  王金龙  位 精英 全新 打造,-1
TRAIN_SENT_ID_271237,,马季,侯宝林,著名 表演 大师 有 侯宝林 、 马三立 、 常宝堃 、 苏文茂 、 马季 等 多 人 ， 后起之秀 有 郭德纲 等 人 。,著名 表演 大师 人物二  马三立  常宝堃  苏文茂  人物一  后起之秀 郭德纲,-1
TRAIN_SENT_ID_249028,,吕洞宾,韩湘子,随后 ， 吕洞宾 、 张果老 、 曹国舅 、 铁拐李 、 韩湘子 、 蓝采和 也 纷纷 将 各自 宝物 抛入 水中 ， 借助 宝物 大显神通 ， 游 向 东海 。,人物一  张果老  曹国舅  铁拐李  人物二  蓝采和 纷纷 宝物 抛入 水中  借助 宝物 大显神通  游 东海,-1
TRAIN_SENT_ID_285820,,阮远,孟微冬,阮远 人物 生平 : 006 年 移居 北京 ， 拜 著名画家 孟微冬 等 多位 名家 的 指点 。,人物一 人物 生平   年 移居 北京  拜 著名画家 人物二 多位 名家 指点,-1
TRAIN_SENT_ID_256918,,仲由,孔子,孔子 为 避鲁乱 曾 到 此 讲学 ， 亲见 仲由 率 百姓 负米 筑堤 盛况 ， 叹 曰 ： “ 由 也 ， 事亲 可谓 生 ， 事 尽力 矣 。 ”,人物二 避鲁乱 讲学  亲见 人物一 率 百姓 负米 筑堤 盛况  叹 曰    事亲 可谓 生  事 尽力,-1
TRAIN_SENT_ID_263360,,武修文,武敦儒,武修文 是 金庸 小说 《 神雕侠侣 》 中 的 人物 ， 是 一灯大师 四大 弟子 “ 渔樵 耕读 ” 之一 耕夫 武三通 之子 ， 母亲 是 武三娘 ， 兄长 是 武敦儒 。,人物一 金庸 小说  神雕侠侣  中 人物  一灯大师 四大 弟子  渔樵 耕读  耕夫 武三通 之子  母亲 武三娘  兄长 人物二,1
TRAIN_SENT_ID_255215,,赵海燕,赵本山,相亲 简介 : 2011 年 辽视春 晚上 由 著名 笑星 赵本山 携 弟子 宋小宝 、 赵海燕 表演 的 小品 《 相亲 》 。,相亲 简介   年 辽视春 晚上 著名 笑星 人物二 携 弟子 宋小宝  人物一 表演 小品  相亲,-1
TRAIN_SENT_ID_259650,,公孙胜,罗真人,③ 明 施耐庵 《 水浒 》 第五十三回 《 戴宗 二取 公孙胜 李逵 独劈 罗真人 》 不济事 ！,③ 明 施耐庵  水浒  第五十三回  戴宗 二取 人物一 李逵 独劈 人物二  不济事,-1
TRAIN_SENT_ID_249059,,吕洞宾,韩湘子,八仙 即 汉族 民间 传顺星 说 中 的 李铁拐 、 汉 钟离 、 张果老 、 何仙姑 、 蓝采和 、 吕洞宾 、 韩湘子 、 曹国舅 八位 神仙 。,八仙 汉族 民间 传顺星 说 中 李铁拐  汉 钟离  张果老  何仙姑  蓝采和  人物一  人物二  曹国舅 八位 神仙,-1
TRAIN_SENT_ID_255314,,卫夫人,王羲之,卫夫人 教 王羲之 书法 : 东晋 著名 的 书法家 王羲之 ， 书法 的 启蒙 老师 叫卫铄 ， 是 很 有名气 的 女 书法家 ， 人们 称 她 卫夫人 。,人物一 教 人物二 书法  东晋 著名 书法家 人物二  书法 启蒙 老师 叫卫铄  有名气 女 书法家  称 人物一,-1
TRAIN_SENT_ID_261637,,宋小宝,赵本山,简介 : 2011 年 辽视春 晚上 由 著名 笑星 赵本山 携 弟子 宋小宝 、 赵海燕 表演 的 小品 《 相亲 》 。,简介   年 辽视春 晚上 著名 笑星 人物二 携 弟子 人物一  赵海燕 表演 小品  相亲,-1
TRAIN_SENT_ID_249015,,吕洞宾,韩湘子,（ 八仙 之一 ） : 吕洞宾 ， 汉族 民间传说 中 的 八仙 之一 ， 另 七仙 是 汉 钟离 、 蓝采和 、 韩湘子 、 曹国舅 、 张果老 、 李铁拐 和 何仙姑 。,八仙   人物一  汉族 民间传说 中 八仙  七仙 汉 钟离  蓝采和  人物二  曹国舅  张果老  李铁拐 何仙姑,-1
TRAIN_SENT_ID_286172,,栾奕,杨进明,（ 德云社 相声 演员 ） : 栾奕 ， 男 ， 师承 相声 演员 杨进明 ， 师爷 侯耀文 ， 郭德纲 的 义子 。,德云社 相声 演员   人物一  男  师承 相声 演员 人物二  师爷 侯耀文  郭德纲 义子,-1
TRAIN_SENT_ID_257212,,霍建元,霍建华,霍建元 是 著名演员 霍建华 的 哥哥 ， 警员 专修班 二十 期 毕业 ， 现任 台北市 南港 分局 旧庄 派出所 所长 。,人物一 著名演员 人物二 哥哥  警员 专修班 二十 期 毕业  现任 台北市 南港 分局 旧庄 派出所 所长,1
TRAIN_SENT_ID_256840,,仲由,孔子,孝 的 故事 百里 负米 : 仲由 ， 字 子路 、 季路 ， 春秋时期 鲁国 人 ， 孔子 的 得意 弟子 ， 性格 直率 勇敢 ， 十分 孝顺 。,孝 故事 百里 负米  人物一  字 子路  季路  春秋时期 鲁国  人物二 得意 弟子  性格 直率 勇敢  十分 孝顺,-1
TRAIN_SENT_ID_256932,,仲由,孔子,中国 二十四孝 故事 石刻 百里 负米 : 仲由 ， 字 子路 、 季路 ， 春秋时期 鲁国 人 ， 孔子 的 得意 ， 性格 直率 勇敢 ， 十分 孝顺 。,中国 二十四孝 故事 石刻 百里 负米  人物一  字 子路  季路  春秋时期 鲁国  人物二 得意  性格 直率 勇敢  十分 孝顺,-1
TRAIN_SENT_ID_256941,,仲由,孔子,孝顺 百里 负米 : 仲由 ， 字 子路 、 季路 ， 春秋时期 鲁国 人 ， 孔子 的 得意 弟子 ， 性格 直率 勇敢 ， 十分 孝顺 。,孝顺 百里 负米  人物一  字 子路  季路  春秋时期 鲁国  人物二 得意 弟子  性格 直率 勇敢  十分 孝顺,-1
TRAIN_SENT_ID_250702,,鲁西西,皮皮鲁,一般 童装 以 著名 形象 “ 皮皮鲁 ” 、 “ 鲁西西 ” 作为 商标 ， 高档 童装 则 以 另 两个 著名 形象 “ 舒克 ” 、 “ 贝塔 ” 作为 商标 。,童装 著名 形象  人物二    人物一  商标  高档 童装 两个 著名 形象  舒克    贝塔  商标,1
TRAIN_SENT_ID_252977,,颜回,孔子,《 孔子 家语 》 载 ， 孔子 在 卫 ， 昧旦晨兴 ， 颜回 侍侧 ， 闻哭者 之声 甚哀 ， 子 曰 ： “ 回 ！,人物二 家语  载  人物二 卫  昧旦晨兴  人物一 侍侧  闻哭者 之声 甚哀  子 曰   回,-1
TRAIN_SENT_ID_259646,,公孙胜,罗真人,483 第五十三回 戴宗 智取 公孙胜 李逵 斧劈 罗真人,第五十三回 戴宗 智取 人物一 李逵 斧劈 人物二,-1
TRAIN_SENT_ID_264549,,岳云鹏,郭德纲,岳云鹏 ， 自幼 喜爱 相声 艺术 ， 2004 年 跟随 郭德纲 老师 学习 ， 主攻 相声 、 太平 歌词 、 竹板书 。,人物一  自幼 喜爱 相声 艺术   年 跟随 人物二 老师 学习  主攻 相声  太平 歌词  竹板书,-1
TRAIN_SENT_ID_249021,,吕洞宾,韩湘子,铁拐李 、 汉 钟离 、 张果老 、 何仙姑 、 蓝采和 、 吕洞宾 、 韩湘子 、 曹国舅,铁拐李  汉 钟离  张果老  何仙姑  蓝采和  人物一  人物二  曹国舅,-1
TRAIN_SENT_ID_260698,,王重阳,全真七子,在 教主 王重阳 及 七个 弟子 （ 全真七子 ） 的 倡导 下 ， 形成 了 一个 以 佛教 丛林 制度 为 楷模 、 要求 住庙 、 出家 、 吃斋 、 断 欲 的 新 道教 派系 。,教主 人物一 七个 弟子  人物二  倡导  形成 一个 佛教 丛林 制度 楷模  要求 住庙  出家  吃斋  断 欲 新 道教 派系,-1
TRAIN_SENT_ID_257478,,姜昆,马季,著名 曲艺 表演艺术家 马季 、 刘兰芳 、 姜昆 、 李金斗 等 以及 济南 的 曲艺界 名家 纷纷 前来 捧场 、 献艺 。,著名 曲艺 表演艺术家 人物二  刘兰芳  人物一  李金斗 济南 曲艺界 名家 纷纷 前来 捧场  献艺,-1
TRAIN_SENT_ID_256906,,仲由,孔子,仲由 （ 公元前 542 年 － 公元前 480 年 ） ， 字 子路 ， 或称 季路 ， 鲁国 人 ， 是 孔子 的 著名 弟子 ， 孔门十哲 之一 。,人物一  公元前  年  公元前  年   字 子路  或称 季路  鲁国  人物二 著名 弟子  孔门十哲,-1
TRAIN_SENT_ID_249009,,吕洞宾,韩湘子,八仙 排序 至明 吴元泰 《 八仙 出处 东游记 》 始 定为 ： 铁拐李 、 汉 钟离 、 张果老 、 何仙姑 、 蓝采和 、 吕洞宾 、 韩湘子 、 曹国舅 。,八仙 排序 至明 吴元泰  八仙 出处 东游记  始 定为  铁拐李  汉 钟离  张果老  何仙姑  蓝采和  人物一  人物二  曹国舅,-1
TRAIN_SENT_ID_249044,,吕洞宾,韩湘子,铁拐李 、 汉 钟离 、 吕洞宾 、 何仙姑 、 蓝采和 、 韩湘子 、 曹国舅 、 张果老,铁拐李  汉 钟离  人物一  何仙姑  蓝采和  人物二  曹国舅  张果老,-1
TRAIN_SENT_ID_256855,,仲由,孔子,孔子 为 鲁 司寇 ， 摄行 相事 ， 有 喜色 ． 仲由 问 曰 ： “ 由闻 君子 祸至 不惧 ， 福至 不喜 ， 今 夫子 得位 而 喜 ， 何也 ？ ”,人物二 鲁 司寇  摄行 相事  喜色 ． 人物一 问 曰   由闻 君子 祸至 不惧  福至 不喜  夫子 得位 喜  何也,-1
TRAIN_SENT_ID_260723,,王重阳,全真七子,王重阳 修道 十一年 ， 主要 在 山东 宁海 一带 传教 ， 共 收入 门 弟子 七位 ， 号 封 “ 全真七子 ” 。,人物一 修道 十一年  主要 山东 宁海 一带 传教  共 收入 门 弟子 七位  号 封  人物二,-1
TRAIN_SENT_ID_256945,,仲由,孔子,孔子 赞扬 仲由 “ 闻过则喜 ” ， 颛孙师 能 广泛 听取 各方 意见 ， 表彰 南宫适 对禹 、 稷 实干 惠民 的 颂扬 。,人物二 赞扬 人物一  闻过则喜   颛孙师 广泛 听取 各方 意见  表彰 南宫适 对禹  稷 实干 惠民 颂扬,-1
TRAIN_SENT_ID_279418,,黄真,冯难敌,冯难敌 的 师父 黄真 乃 穆人清 之 徒弟 ； 以 每代 二十年 计 ， 穆 当年 已 九十 高龄 了 。,人物二 师父 人物一 穆人清 徒弟  每代 二十年 计  穆 当年 九十 高龄,-1
TRAIN_SENT_ID_251550,,楚碧痕,楚寒镜,楚寒镜 人物 简介 : 楚寒镜 是 炎帝 神农 洞 月 幽之境 中 守护 梭罗 仙树 的 梭罗树 仙 之一 ， 楚碧痕 的 孪生 姐姐 。,人物二 人物 简介  人物二 炎帝 神农 洞 月 幽之境 中 守护 梭罗 仙树 梭罗树 仙  人物一 孪生 姐姐,1
TRAIN_SENT_ID_255409,,罗成,秦琼,她 的 美丽 ， 智慧 与 古灵精怪 ， 不仅 征服 了 秦琼 ， 还 征服 了 隋唐 第三 好汉 裴元庆 ， 第七 好汉 罗成 和 未来 的 太宗皇帝 — — 秦王 李世民 。,美丽  智慧 古灵精怪  征服 人物二  征服 隋唐 第三 好汉 裴元庆  第七 好汉 人物一 未来 太宗皇帝   秦王 李世民,1
TRAIN_SENT_ID_262597,,蔡五熊,蔡云寒,在 金 时空 ， 蔡云寒 是 蔡五熊 的 姐姐 ， 中途 加入 终极 一班 ， 人称 [ 冷面 冰美人 ] ， 南区 高校 一狠 角色 ， 为 人 不苟言笑 ， 很难 亲近 。,金 时空  人物二 人物一 姐姐  中途 加入 终极 一班  人称  冷面 冰美人   南区 高校 一狠 角色  不苟言笑  很难 亲近,1
TRAIN_SENT_ID_253824,,赵合德,赵飞燕,他 与 蛇蝎美人 赵飞燕 、 赵合德 姐妹 的 故事 ， 几乎 家喻户晓 。,蛇蝎美人 人物二  人物一 姐妹 故事  几乎 家喻户晓,1
TRAIN_SENT_ID_273682,,姜子牙,元始天尊,三清 圣人 共 议定 论 ， 后 元始天尊 赐予 其徒 姜子牙 ， 配合 打神 鞭 借助 人间 商朝 气数 尽 与 周朝 兴旺 的 国运 敕封 八部 三百六十五 位正神 。,三清 圣人 共 议定  人物二 赐予 其徒 人物一  配合 打神 鞭 借助 人间 商朝 气数 周朝 兴旺 国运 敕封 八部 三百六十五 位正神,-1
TRAIN_SENT_ID_266719,,龙幽,龙溟,3 角色 关系 : 外甥 ： 龙幽 、 龙溟,角色 关系  外甥  人物一  人物二,1
TRAIN_SENT_ID_251537,,陈辅,陈靖仇,当年 为了 保下 陈靖仇 这 陈朝 唯一 血脉 ， 陈辅 不惜 将 自己 的 孙子 换下 陈靖仇 。,当年 保下 人物二 陈朝 唯一 血脉  人物一 不惜 孙子 换下 人物二,-1
TRAIN_SENT_ID_249002,,吕洞宾,韩湘子,吕洞宾 介绍 韩湘子 到 学校 任教 ， 巧遇 离家出走 的 丽珠 ， 于是 带 她 回家 暂住 ， 与 荷 仙姑 合力 卖花 ， 自力更生 。,人物一 介绍 人物二 学校 任教  巧遇 离家出走 丽珠  带 回家 暂住  荷 仙姑 合力 卖花  自力更生,-1
TRAIN_SENT_ID_265466,,薛谭,秦青,秦青 相关 传说 : 薛谭 的 故事,人物二 相关 传说  人物一 故事,-1
TRAIN_SENT_ID_256855,,仲由,孔子,孔子 为 鲁 司寇 ， 摄行 相事 ， 有 喜色 ． 仲由 问 曰 ： “ 由闻 君子 祸至 不惧 ， 福至 不喜 ， 今 夫子 得位 而 喜 ， 何也 ？ ”,人物二 鲁 司寇  摄行 相事  喜色 ． 人物一 问 曰   由闻 君子 祸至 不惧  福至 不喜  夫子 得位 喜  何也,-1
TRAIN_SENT_ID_283833,,蔡壎,蔡瑁,蔡瑁 令弟 蔡壎 前进 。,人物二 令弟 人物一 前进,1
TRAIN_SENT_ID_270982,,严舆,严白虎,三国群英 传 2 严舆 形象 简明 演义 传记 : 严舆 ， 严白虎 之弟 ， 三国演义 第 15 回 登场 。,三国群英 传  人物一 形象 简明 演义 传记  人物一  人物二 之弟  三国演义  回 登场,1
TRAIN_SENT_ID_261559,,南宫敬叔,孟懿子,与 泉 丘人 之 女生 孟懿子 和 南宫敬叔 。,泉 丘人 女生 人物二 人物一,1
TRAIN_SENT_ID_273679,,姜子牙,元始天尊,二郎神 ： 元始天尊 姜子牙 齐天大圣,二郎神  人物二 人物一 齐天大圣,-1
TRAIN_SENT_ID_253090,,颜回,孔子,例如 ， 颜路 、 颜回 父子 同师于 孔子 ， 而 颜回 比 孔子 小 三十岁 ， 依 此 推算 ， 颜路 与 孔子 年岁 相仿 ， 且 有 可能 年 长于 孔子 。,颜路  人物一 父子 同师于 人物二  人物一 人物二 三十岁  推算  颜路 人物二 年岁 相仿  可能 年 长于 人物二,-1
TRAIN_SENT_ID_255438,,罗成,秦琼,程咬金 和 秦琼 率先 高飞 ， 单单 罗成 留下来 了 。,程咬金 人物二 率先 高飞  单单 人物一 留下来,1
TRAIN_SENT_ID_262221,,尤二姐,尤三姐,2 电影 剧情 : 清朝 康熙 、 乾隆年间 ， 宁国府 纨祷 子弟 贾珍 的 远房亲戚 尤二姐 、 尤三姐 ， 随 母亲 来到 贾府 拜寿 。,电影 剧情  清朝 康熙  乾隆年间  宁国府 纨祷 子弟 贾珍 远房亲戚 人物一  人物二  母亲 来到 贾府 拜寿,1
TRAIN_SENT_ID_271196,,张翠山,张三丰,说 张三丰 传 张松溪 及 张翠山 ， 再傅 宋远桥 ， 名 十三 式 。,说 人物二 传 张松溪 人物一  再傅 宋远桥  名 十三 式,-1
TRAIN_SENT_ID_250081,,武敦儒,武修文,人们 往往 把 武敦儒 、 武修文 以及 耶律齐 与 杨过相 比 ， 因为 他们 是 同辈 的 。,往往 人物一  人物二 耶律齐 杨过相  同辈,1
TRAIN_SENT_ID_257057,,洪敬尧,洪荣宏,"BB , 伍佰万 ， 林灵 ， 洪荣宏 ， 洪敬尧 ， 郑仲茵 ， 宋逸民 ， 王思佳",伍佰万  林灵  人物二  人物一  郑仲茵  宋逸民  王思佳,1
TRAIN_SENT_ID_265426,,薛谭,秦青,则 愿 你 艺超 薛谭 ， 才 压 秦青 ， 那 时节 声价 超迁 迈夷 等 。,愿 艺超 人物一  压 人物二  时节 声价 超迁 迈夷,-1
TRAIN_SENT_ID_277820,,傅清,傅恒,明义 字 我 斋 ， 满洲 镶黄旗 富察氏 傅恒 的 二兄 傅清 之子 ， 大约 生于 乾隆 初年 ， 很 可能 与 曹家 有 一些 关系 。,明义 字 斋  满洲 镶黄旗 富察氏 人物二 二兄 人物一 之子  大约 生于 乾隆 初年  可能 曹家 关系,1
TRAIN_SENT_ID_277575,,袁承志,穆人清,碧血剑 剧情简介 : 明朝 末年 ， 忠臣 袁崇焕 被害 ， 其 幼子 袁承志 （ 郭追 饰 ） 由 哑仆 救出 ， 逃往 华山 拜 华山派 掌门人 穆人清 为师 。,碧血剑 剧情简介  明朝 末年  忠臣 袁崇焕 被害  幼子 人物一  郭追 饰  哑仆 救出  逃往 华山 拜 华山派 掌门人 人物二 为师,-1
TRAIN_SENT_ID_255396,,罗成,秦琼,李世民 : 在 李世民 的 统帅 下 ， 徐茂 公 、 秦琼 、 尉迟恭 、 程咬金 、 罗成 等 率兵 扫平 了 十八 路 反王 。,李世民  李世民 统帅  徐茂 公  人物二  尉迟恭  程咬金  人物一 率兵 扫平 十八 路 反王,1
TRAIN_SENT_ID_274315,,李迥,华阳公主,－ 775 年 ） ， 京兆 （ 今 陕西 西安 ） 人 ， 唐代宗 李豫 的 贵妃 ， 生韩王 李迥 、 华阳公主 。,年   京兆  陕西 西安   唐代宗 李豫 贵妃  生韩王 人物一  人物二,1
TRAIN_SENT_ID_282058,,李长乐,李敏峰,锦绣 未央 李敏峰 : 李长乐 的 亲哥哥 ， 一直 追查 未央 身份 。,锦绣 未央 人物二  人物一 亲哥哥  一直 追查 未央 身份,1
TRAIN_SENT_ID_259004,,张苞,张绍,是 蜀汉 名将 张飞 之孙 ， 张苞 之子 ， 张绍 之 侄 。,蜀汉 名将 张飞 之孙  人物一 之子  人物二 侄,1
TRAIN_SENT_ID_282741,,刘令娴,刘孝绰,次媳 刘令娴 ， 南朝 诗人 刘孝绰 妹 ， 彭城 （ 今 江苏 徐州 ） 人 ， 世称 刘三 娘 。,次媳 人物一  南朝 诗人 人物二 妹  彭城  江苏 徐州   世称 刘三 娘,1
TRAIN_SENT_ID_266715,,龙幽,龙溟,龙溟 演员 经超 魔界 夜叉 族 君主 ， 龙幽 的 哥哥 。,人物二 演员 经超 魔界 夜叉 族 君主  人物一 哥哥,1
TRAIN_SENT_ID_268812,,洪凌波,李莫愁,洪凌波 角色 能力 : 洪凌波 得 李莫愁 真传 ， 而 李莫愁 的 古墓 剑法 精妙 无比 ， 故 洪凌波 的 剑法 也 是 凌厉 。,人物一 角色 能力  人物一 人物二 真传  人物二 古墓 剑法 精妙 无比  人物一 剑法 凌厉,-1
TRAIN_SENT_ID_284970,,元孚,元昌,元孚 介绍 : 元孚 ， 字秀 和 ， 元昌 弟 。,人物一 介绍  人物一  字秀  人物二 弟,1
TRAIN_SENT_ID_273650,,姜子牙,元始天尊,后来 ， 姜子牙 助周灭 纣 成功 ， 奉 元始天尊 的 法旨 封神 ， 比干 被 追封 为 北斗七星 中心 的 天权 宫 “ 文 曲星君 ” 。,后来  人物一 助周灭 纣 成功  奉 人物二 法旨 封神  比干 追封 北斗七星 中心 天权 宫  文 曲星君,-1
TRAIN_SENT_ID_275156,,孙立荣,赵本山,孙立荣 拜师 困难 : 赵本山 一度 不收 女 徒弟 ， 孙立荣 拜师 难,人物一 拜师 困难  人物二 一度 不收 女 徒弟  人物一 拜师 难,-1
TRAIN_SENT_ID_264276,,陈真,霍元甲,但 就 在 此时 ， 闻 霍元甲 病逝 ， 陈真 回国 ， 学业 半途而废 。,闻 人物二 病逝  人物一 回国  学业 半途而废,-1
TRAIN_SENT_ID_252821,,颜回,孔子,颜回 走 了 ， 孔子 看着 颜回 的 背影 ， 心花怒放 地想 弹奏 一曲 。,人物一 走  人物二 看着 人物一 背影  心花怒放 地想 弹奏 一曲,-1
TRAIN_SENT_ID_269576,,水笙,汪啸风,当 水笙 被 血刀老祖 掳走 后 ， 汪啸风 听信 了 花铁干 的话 ， 认定 水笙 与 狄云 之间 有 私情 。,人物一 血刀老祖 掳走  人物二 听信 花铁干  认定 人物一 狄云 之间 私情,1
TRAIN_SENT_ID_255434,,罗成,秦琼,贾家楼 四十六 友 ， 最铁 的 三个 就 秦琼 、 程咬金 与 罗成 。,贾家楼 四十六 友  最铁 三个 人物二  程咬金 人物一,1
TRAIN_SENT_ID_259639,,公孙胜,罗真人,5 、 明 施耐庵 《 水浒 》 第五十三回 《 戴宗 二取 公孙胜 李逵 独劈 罗真人 》 我 想 公孙胜 是 个 学道 的 人 ， 必然 在 个 名山大川 ， 洞 天真 境 居住 。,明 施耐庵  水浒  第五十三回  戴宗 二取 人物一 李逵 独劈 人物二  想 人物一 学道  必然 名山大川  洞 天真 境 居住,-1
TRAIN_SENT_ID_265411,,薛谭,秦青,晋 葛洪 《 抱朴子 · 交际 》 ： “ 耻令 谭 （ 薛谭 ） 、 青 （ 秦青 ） 专面 地 之 笃 ， 不使 王 （ 王阳 ） 贡 （ 贡禹 ） 擅弹 冠之美 。 ”,晋 葛洪  抱朴子  交际    耻令 谭  人物一   青  人物二  专面 笃  不使 王  王阳  贡  贡禹  擅弹 冠之美,-1
TRAIN_SENT_ID_271520,,孟优,孟获,后 擒获 孟获 的 弟弟 孟优 ， 孟优 诈降 ， 被 诸葛亮 识破 ， 吕凯 与 马谡 管待 。,擒获 人物二 弟弟 人物一  人物一 诈降  诸葛亮 识破  吕凯 马谡 管待,1
TRAIN_SENT_ID_249001,,吕洞宾,韩湘子,内容 为 八仙 的 神话传说 ， 记叙 铁拐李 、 汉 钟离 、 吕洞宾 、 张果老 、 蓝采和 、 何仙姑 、 韩湘子 、 曹国舅 八位 神仙 修炼 得 道 的 过程 。,内容 八仙 神话传说  记叙 铁拐李  汉 钟离  人物一  张果老  蓝采和  何仙姑  人物二  曹国舅 八位 神仙 修炼 道 过程,-1
TRAIN_SENT_ID_248971,,吕洞宾,韩湘子,八仙 韩湘子 : 韩湘子 唐 韩湘子 ， 字 清夫 ， 是 古代 汉族 民间传说 故事 中 的 八仙 之一 ， 擅吹 洞箫 ， 拜 吕洞宾 为 师学道 。,八仙 人物二  人物二 唐 人物二  字 清夫  古代 汉族 民间传说 故事 中 八仙  擅吹 洞箫  拜 人物一 师学道,-1
TRAIN_SENT_ID_266060,,张学思,张学良,一般而言 ， 以字定 辈分 者 ， 都 将 这些 辈分 字 置于 姓 之后 ， 如 张学良 、 张学思 、 张学铭 。,一般而言  以字定 辈分  辈分 字 置于 姓 之后  人物二  人物一  张学铭,1
TRAIN_SENT_ID_249106,,吕洞宾,韩湘子,据悉 ， 韩湘子 后来 又 从师 吕洞宾 ， 修道 成仙 ， 位列 仙班 。,据悉  人物二 后来 从师 人物一  修道 成仙  位列 仙班,-1
TRAIN_SENT_ID_281791,,元子思,元子华,元子思 ， 字 众念 ， 元子华 弟 。,人物一  字 众念  人物二 弟,1
TRAIN_SENT_ID_255473,,罗成,秦琼,在 李世民 的 统帅 下 ， 徐茂 公 、 秦琼 、 尉迟恭 、 程咬金 、 罗成 等 率兵 扫平 了 十八 路 反王 。,李世民 统帅  徐茂 公  人物二  尉迟恭  程咬金  人物一 率兵 扫平 十八 路 反王,1
TRAIN_SENT_ID_249109,,吕洞宾,韩湘子,八仙过海 剧情简介 : 古代 神话 中有 八位 神仙 ： 铁拐李 、 汉 钟离 、 张果老 、 蓝采和 、 吕洞宾 、 韩湘子 、 何仙姑 和 曹国舅 ， 人们 并 称为 八仙 。,八仙过海 剧情简介  古代 神话 中有 八位 神仙  铁拐李  汉 钟离  张果老  蓝采和  人物一  人物二  何仙姑 曹国舅  称为 八仙,-1
TRAIN_SENT_ID_251545,,楚碧痕,楚寒镜,迷宫 搜索 关键词 ： 三寒器 、 炎帝 神农 、 梭罗树 、 梭罗 果 、 楚碧痕 、 楚寒镜 、 月 幽之境 、 熔岩 兽王 、 炙炎石,迷宫 搜索 关键词  三寒器  炎帝 神农  梭罗树  梭罗 果  人物一  人物二  月 幽之境  熔岩 兽王  炙炎石,1
TRAIN_SENT_ID_253102,,颜回,孔子,宣城县 文庙 奉祀 官 陈 蔡 ， 廉洁奉公 ， 清贫 自 守 ， 任职 多年 ， 家徒四壁 ， 病故 后 ， 包直 撰 挽联 云 ： “ 寿比 孔子 多 二岁 ， 家似 颜回 少 一瓢 。 ”,宣城县 文庙 奉祀 官 陈 蔡  廉洁奉公  清贫 守  任职 多年  家徒四壁  病故  包直 撰 挽联 云   寿比 人物二 二岁  家似 人物一 少 一瓢,-1
TRAIN_SENT_ID_250430,,赵飞燕,赵合德,该剧 描述 西汉时期 著名 美女 赵飞燕 及其 妹妹 赵合德 传奇一生 故事 的 古装 电视剧 ， 于 1998 年 正式 发行 。,该剧 描述 西汉时期 著名 美女 人物一 妹妹 人物二 传奇一生 故事 古装 电视剧   年 正式 发行,1
TRAIN_SENT_ID_251424,,李瀚章,李鸿章,"曾文正公 家书 出版 信息 : 作者 ： （ 清 ） 曾国藩 著 , （ 清 ） 李瀚章 编撰 , （ 清 ） 李鸿章 校刊",曾文正公 家书 出版 信息  作者   清  曾国藩 著   清  人物一 编撰   清  人物二 校刊,1
TRAIN_SENT_ID_266135,,李昌镐,曹薰铉,1985 年升 为 五段 . 著有 “ 韩国 四大 天王 ” — — 《 李昌镐 对局 集 》 、 《 曹薰铉 对局 集 》 等 书,年升 五段  著有  韩国 四大 天王     人物一 对局 集    人物二 对局 集  书,-1
TRAIN_SENT_ID_252603,,颜回,孔子,"魏晋 南北朝 期间 ， 有时 又 以 孔子 为 先圣 , 以 颜回 为 先师 奉祀 ， 拜孔 揖 颜之礼 更 多 是 在 国家 太学 举行 ， 往往 是 国子监 祭酒 负责 典礼 。",魏晋 南北朝 期间  人物二 先圣  人物一 先师 奉祀  拜孔 揖 颜之礼 更 国家 太学 举行  往往 国子监 祭酒 负责 典礼,-1
TRAIN_SENT_ID_253904,,赵合德,赵飞燕,汉成帝 刘骜 与 赵飞燕 、 赵合德,汉成帝 刘骜 人物二  人物一,1
TRAIN_SENT_ID_255331,,卫夫人,王羲之,（ 王羲之 《 题 卫夫人 笔阵 图后 ( 传 ) 》 ”,人物二  题 人物一 笔阵 图后  传,-1
TRAIN_SENT_ID_259764,,李偲菘,李伟菘,作者 ： 李伟菘 ， 李偲菘 编著,作者  人物二  人物一 编著,1
TRAIN_SENT_ID_279415,,王学明,龙俊杰,指导 教师 ： 龙俊杰 、 何雁 、 王学明 等 。,指导 教师  人物二  何雁  人物一,-1
TRAIN_SENT_ID_248991,,吕洞宾,韩湘子,据传 ， 因 吕洞宾 、 韩湘子 、 何仙姑 等 八位 神仙 在 练功 时 触发 灵感 所创 并 流传 下来 之 缘故 。,据传  人物一  人物二  何仙姑 八位 神仙 练功 时 触发 灵感 所创 流传 下来 缘故,-1
TRAIN_SENT_ID_269006,,韩非,荀子,那么 ， 如何 看待 韩非 与 荀子 不同 的 说法 呢 ？,看待 人物一 人物二 不同 说法,-1
TRAIN_SENT_ID_271741,,朱聪,郭靖,郭靖 所学 的 “ 分筋 错骨手 ” 乃是 二 师父 朱聪 自创 。,人物二 所学  分筋 错骨手  乃是 二 师父 人物一 自创,-1
TRAIN_SENT_ID_251844,,梅超风,黄药师,四 、 黄药师 、 梅超风 的 形象,四  人物二  人物一 形象,-1
TRAIN_SENT_ID_277590,,袁世廉,袁世凯,他们 六 兄弟 中 ， 只有 袁世廉 与 袁世凯 关系 最好 ， 最受 袁世凯 敬重 与 关爱 。,六 兄弟 中  人物一 人物二 关系 最好  最受 人物二 敬重 关爱,1
TRAIN_SENT_ID_254006,,周恩寿,周恩来,周日和 成长 经历 : 周日和 的 姥爷 是 周恩来 胞弟 周恩寿 ， 是 周恩来 亲缘 最近 的 后人 之一 。,周日和 成长 经历  周日和 姥爷 人物二 胞弟 人物一  人物二 亲缘 最近 后人,1
TRAIN_SENT_ID_259809,,李偲菘,李伟菘,潘协庆 ˙ 李偲菘 ˙ 李伟菘 ˙ 林夕 ˙ 姚若龙,潘协庆 ˙ 人物一 ˙ 人物二 ˙ 林夕 ˙ 姚若龙,1
TRAIN_SENT_ID_260587,,金敬姬,金正日,小池 百合 子 写道 ： “ 金正日 对 唯一 胞妹 金敬姬 信任 有加 。,小池 百合 子 写道   人物二 唯一 胞妹 人物一 信任 有加,1
TRAIN_SENT_ID_275545,,王小虎,赵本山,李大国 饰演者 信息 : 王小虎 ， 二人转 演员 出身 ， 赵本山 的 第十个 徒弟 。,李大国 饰演者 信息  人物一  二人转 演员 出身  人物二 第十个 徒弟,-1
TRAIN_SENT_ID_267791,,万剑一,林惊羽,先后 由 斩 龙剑 的 两代 主人 万剑一 、 林惊羽 把守 。,先后 斩 龙剑 两代 主人 人物一  人物二 把守,-1
TRAIN_SENT_ID_285113,,高季式,高乾,高季式 ， 高乾 四弟 ， 官至 仪同 三司 ， 封乘氏 县子 ， 追赠 侍中 、 冀州 刺史 。,人物一  人物二 四弟  官至 仪同 三司  封乘氏 县子  追赠 侍中  冀州 刺史,1
TRAIN_SENT_ID_251872,,曹薰铉,李昌镐,李昌镐 执白 1 又 1 / 4 子胜 曹薰铉,人物二 执白     子胜 人物一,-1
TRAIN_SENT_ID_256906,,仲由,孔子,仲由 （ 公元前 542 年 － 公元前 480 年 ） ， 字 子路 ， 或称 季路 ， 鲁国 人 ， 是 孔子 的 著名 弟子 ， 孔门十哲 之一 。,人物一  公元前  年  公元前  年   字 子路  或称 季路  鲁国  人物二 著名 弟子  孔门十哲,-1
TRAIN_SENT_ID_252880,,颜回,孔子,颜回 的 一举一动 ， 在 孔子 看来 ， 都 合乎 心意 。,人物一 一举一动  人物二 看来  合乎 心意,-1
TRAIN_SENT_ID_270818,,伍天锡,伍云召,实力 在 伍天锡 之下 罗成 之上 ） ( 韩擒虎 能 挡 伍云召 十余 合 ， 与 魏文通 相当 ）,实力 人物一 之下 罗成 之上   韩擒虎 挡 人物二 十余 合  魏文通 相当,1
TRAIN_SENT_ID_251542,,楚碧痕,楚寒镜,96 双胞胎 楚寒镜 楚碧痕,双胞胎 人物二 人物一,1
TRAIN_SENT_ID_265493,,薛蝌,薛蟠,薛蝌 自然 不是 薛家 最 正宗 的 一支 ， 但 婚事 由 薛姨妈 作主 ， 薛蟠 又 是 那么 个 霸王 ， 估计 族 里 对 薛蝌 此人 也 寄予 重 望 。,人物一 自然 薛家 正宗 一支  婚事 薛姨妈 作主  人物二 霸王  估计 族 里 人物一 此人 寄予 重,1
TRAIN_SENT_ID_282742,,刘令娴,刘孝绰,刘孝绰 有 三个 妹妹 ， 大妹 嫁琅 琊 人 王淑英 ， 世称 刘 大娘 ， 当时 也 有 文集 行世 ， 与 刘令娴 齐名 ； 二妹 嫁 吴 郡 人 张嵊 。,人物二 三个 妹妹  大妹 嫁琅 琊 王淑英  世称 刘 大娘  当时 文集 行世  人物一 齐名  二妹 嫁 吴 郡 张嵊,1
TRAIN_SENT_ID_259642,,公孙胜,罗真人,10 、 明 施耐庵 《 水浒 》 第五十三回 《 戴宗 二取 公孙胜 李逵 独劈 罗真人 》 小 可先来 蓟州寻 了 一遍 ， 并 无 打听 处 ， 只 纠合 得 一伙 弟兄 上山 。,明 施耐庵  水浒  第五十三回  戴宗 二取 人物一 李逵 独劈 人物二  可先来 蓟州寻 一遍  打听 处  纠合 一伙 弟兄 上山,-1
TRAIN_SENT_ID_255491,,罗成,秦琼,后来 惹 上 官司 被 发配 到 北平 府 ， 而 北平 王 罗艺 却是 秦琼 的 姑父 ， 秦琼 得以 在 罗艺 帐下 任职 ， 并 和 罗艺 的 儿子 罗成 钻研 武艺 ， 传枪 递锏 。,后来 惹 官司 发配 北平 府  北平 王 罗艺 却是 人物二 姑父  人物二 得以 罗艺 帐下 任职  罗艺 儿子 人物一 钻研 武艺  传枪 递锏,1
TRAIN_SENT_ID_255352,,贾午,贾南风,526 董袭 527 虞翻 528 贾午 529 贾充 530 贾南风,董袭  虞翻  人物一  贾充  人物二,1
TRAIN_SENT_ID_251415,,李瀚章,李鸿章,光绪 五年 ( 1879 年 ) ， 传忠 书局 刻印 了 由 其 门人 李瀚章 、 李鸿章 编校 的 《 曾文正公 家书 》 ， 一直 流传 到 现在 。,光绪 五年   年   传忠 书局 刻印 门人 人物一  人物二 编校  曾文正公 家书   一直 流传 现在,1
TRAIN_SENT_ID_249267,,皮皮鲁,鲁西西,皮皮鲁 、 鲁西西 、 罗克 、 舒克和贝塔 是 他 笔下 塑造 的 形象 。,人物一  人物二  罗克  舒克和贝塔 笔下 塑造 形象,1
TRAIN_SENT_ID_253114,,颜回,孔子,同年 ， 赵恒 追封 孔子 弟子 颜回 等 十人 公爵 ， 曾 参等 62 人为 侯爵 ， 先儒 左丘明 等 19 人为 伯爵 。,同年  赵恒 追封 人物二 弟子 人物一 十人 公爵  参等  人为 侯爵  先儒 左丘明  人为 伯爵,-1
TRAIN_SENT_ID_275469,,李汉俊,李书城,所以 李书城 、 李汉俊 与 黄绍兰 相熟 。,人物二  人物一 黄绍兰 相熟,1
TRAIN_SENT_ID_268884,,司徒静,司徒剑南,司徒剑南 第八集 : 司徒静 命悬 发丝 ， 陈林 将 她 救下 。,人物二 第八集  人物一 命悬 发丝  陈林 救下,1
TRAIN_SENT_ID_268966,,韩非,荀子,在 先秦 ， 除 孔孟 、 老庄 外 ， 管子 、 荀子 、 商鞅 、 韩非 、 宋钘 、 尹文 、 墨子 等 人 都 有 自己 的 学说 体系 ， 不过 在 秦汉 以后 都 衰微 了 。,先秦  孔孟  老庄 外  管子  人物二  商鞅  人物一  宋钘  尹文  墨子 学说 体系  秦汉 以后 衰微,-1
TRAIN_SENT_ID_264942,,贾元春,贾宝玉,贾宝玉 、 林黛玉 、 薛宝钗 、 史湘云 、 王熙凤 、 贾元春 、 贾迎春 、 贾探春 、 贾惜春 、 妙玉 、 李纨 、 巧姐 、 秦可卿,人物二  林黛玉  薛宝钗  史湘云  王熙凤  人物一  贾迎春  贾探春  贾惜春  妙玉  李纨  巧姐  秦可卿,1
TRAIN_SENT_ID_261141,,武元庆,武则天,武则天 之 父 太原 武士 获 （ 577 — 635 ） 先取 妻相 里氏 ， 生二子 ： 武元庆 、 武元爽 ； 继取 杨氏 （ ？,人物二 父 太原 武士 获      先取 妻相 里氏  生二子  人物一  武元爽  继取 杨氏,1
TRAIN_SENT_ID_270820,,伍天锡,伍云召,后 在 伍云召 之弟 伍天锡 及雄 阔海 帮忙 下当 上 南阳 王 ， 成为 隋末 十八 路反 王之一 。,人物二 之弟 人物一 及雄 阔海 帮忙 下当 南阳 王  成为 隋末 十八 路反 王之一,1
TRAIN_SENT_ID_249314,,陆无双,程英,其他 人物 陆立鼎 ， 陆二娘 ， 陆无双 ， 程英 。,人物 陆立鼎  陆二娘  人物一  人物二,1
TRAIN_SENT_ID_254269,,张顺,张横,张顺 人物 生平 : 张顺 登场 : 张顺 的 首次 出现 书中 是 由 其兄 张横 介绍 。,人物一 人物 生平  人物一 登场  人物一 首次 出现 书中 其兄 人物二 介绍,1
TRAIN_SENT_ID_285367,,范静,张宝英,豫剧 明星 版 《 三哭 殿 》 （ 贾廷聚 ， 张宝英 ， 范静 ， 樊萍 ， 轩玉亭 ， 兰力 ， 薛娟 等 ）,豫剧 明星 版  三哭 殿   贾廷聚  人物二  人物一  樊萍  轩玉亭  兰力  薛娟,-1
TRAIN_SENT_ID_261560,,南宫敬叔,孟懿子,34 岁 ： 公元前 518 年 （ 鲁昭公 二十四年 ） 孟懿子 和 南宫敬叔 学礼于 孔子 。,岁  公元前  年  鲁昭公 二十四年  人物二 人物一 学礼于 孔子,1
TRAIN_SENT_ID_251430,,李瀚章,李鸿章,李瀚章 是 李鸿章 兄长 ， 查 有关 资料 ：,人物一 人物二 兄长  查 资料,1
TRAIN_SENT_ID_261690,,程英,陆无双,义妹 ： 陆无双 、 程英,义妹  人物二  人物一,1
TRAIN_SENT_ID_249059,,吕洞宾,韩湘子,八仙 即 汉族 民间 传顺星 说 中 的 李铁拐 、 汉 钟离 、 张果老 、 何仙姑 、 蓝采和 、 吕洞宾 、 韩湘子 、 曹国舅 八位 神仙 。,八仙 汉族 民间 传顺星 说 中 李铁拐  汉 钟离  张果老  何仙姑  蓝采和  人物一  人物二  曹国舅 八位 神仙,-1
TRAIN_SENT_ID_282414,,赵公明,通天教主,通天教主 在 碧游宫 分宝时 ， 将定 海珠 与 缚 龙索 赐给 了 赵公明 。,人物二 碧游宫 分宝时  将定 海珠 缚 龙索 赐给 人物一,-1
TRAIN_SENT_ID_278137,,裴元,孙思邈,只是 因为 跟随 孙思邈 的 缘故 ， 裴元 并未 入 医行 。,跟随 人物二 缘故  人物一 并未 入 医行,-1
TRAIN_SENT_ID_270570,,全真七子,王重阳,丘处机 生于 1148 年 ， 山东人 ， 自号 “ 长春 子 ” ， 曾 拜 全真教 创始人 王重阳 为师 ， 是 著名 的 “ 全真七子 ” 之一 。,丘处机 生于  年  山东人  自号  长春 子   拜 全真教 创始人 人物二 为师  著名  人物一,-1
TRAIN_SENT_ID_266059,,张学思,张学良,张学思 ， 原籍 辽宁 海城 县 ， 1916 年 生于 奉天 ( 今 沈阳 ) ， 系 张作霖 之子 ， 张学良 之弟 。,人物一  原籍 辽宁 海城 县   年 生于 奉天  沈阳   系 张作霖 之子  人物二 之弟,1
TRAIN_SENT_ID_274069,,南宫敬叔,孔子,南宫敬叔 将 孔子 的 愿望 转告 国君 。,人物一 人物二 愿望 转告 国君,-1
TRAIN_SENT_ID_278056,,郭麒麟,于谦,于谦 - - 郭麒麟 、 冯阔洋 、 太 荣剑,人物二   人物一  冯阔洋  太 荣剑,-1
TRAIN_SENT_ID_254266,,张顺,张横,张顺 . （ 渔家 ， 张横 之弟 ） 三十六 天罡 星天败星 : 天败星 …,人物一   渔家  人物二 之弟  三十六 天罡 星天败星  天败星,1
TRAIN_SENT_ID_252798,,颜回,孔子,为 ： 夏 大禹 ： 【 夏 】 王名 ； 孔 仲尼 ： 孔子 字 仲尼 ； 姬旦 ： 【 周 】 武 王之 名 ； 杜甫 、 刘禹锡 ： 【 唐 】 诗人 ； 子 莫 、 颜回 ： 孔子 的 弟子 。,夏 大禹   夏  王名  孔 仲尼  人物二 字 仲尼  姬旦   周  武 王之 名  杜甫  刘禹锡   唐  诗人  子 莫  人物一  人物二 弟子,-1
TRAIN_SENT_ID_249064,,吕洞宾,韩湘子,吕洞宾 是 民间传说 中 的 八仙 之一 ， 另 七仙 是 汉 钟离 、 蓝采和 、 韩湘子 、 曹国舅 、 张果老 、 李铁拐 和 何仙姑 。,人物一 民间传说 中 八仙  七仙 汉 钟离  蓝采和  人物二  曹国舅  张果老  李铁拐 何仙姑,-1
TRAIN_SENT_ID_251847,,梅超风,黄药师,武眠风 出处 : （ 出自 《 射雕 英雄传 》 第 14 回 桃花 岛主 ， 黄药师 吩咐 梅超风 做 3 件 事 的 第 2 项 ） 。,武眠风 出处   出自  射雕 英雄传   回 桃花 岛主  人物二 吩咐 人物一 做  件 事  项,-1
TRAIN_SENT_ID_252374,,颜回,孔子,四 颜回 传承 孔子 心法,四 人物一 传承 人物二 心法,-1
TRAIN_SENT_ID_266219,,蓝提斯,谢加图,蓝提斯 ， 声优 为 小杉十郎 太 ， 是 《 魔法 骑士 》 人物 之一 ， 谢加图 的 弟弟 ， 声音 和 兄长 一模一样 。,人物一  声优 小杉十郎 太   魔法 骑士  人物  人物二 弟弟  声音 兄长 一模一样,1
TRAIN_SENT_ID_256544,,周武,周文,周文 王之 子 ， 周武 王之 弟 ) 之胤 。,人物二 王之 子  人物一 王之 弟  之胤,1
TRAIN_SENT_ID_259638,,公孙胜,罗真人,2 人物 评析 : 罗真人 掐指一算 便 知道 了 公孙胜 上 应天 闲星 ， 不得 违背 天意 ， 授予 公孙胜 天罡 五雷 正法 ， 才 允许 公孙胜 帮助 宋江 破 了 高廉 。,人物 评析  人物二 掐指一算 便 知道 人物一 应天 闲星  违背 天意  授予 人物一 天罡 五雷 正法  允许 人物一 帮助 宋江 破 高廉,-1
TRAIN_SENT_ID_250427,,赵飞燕,赵合德,然而 ， 赵氏 姐妹 （ 赵飞燕 、 赵合德 ） 的 入宫 ， 改变 了 整个 后宫 的 局面 。,赵氏 姐妹  人物一  人物二  入宫  改变 整个 后宫 局面,1
TRAIN_SENT_ID_275972,,马光陆,高占全,马光陆 与 徒弟 高占全,人物一 徒弟 人物二,-1
TRAIN_SENT_ID_276867,,蒋壹,蒋休,蒋壹 死后 无子 ， 弟 蒋休 领兵 ， 后 有罪 被 免职 。,人物一 死后 无子  弟 人物二 领兵  有罪 免职,1
TRAIN_SENT_ID_269566,,步鹰,燕双鹰,在 步鹰 的 精心 调教 下 燕双鹰 的 功夫 突飞猛进 。,人物一 精心 调教 人物二 功夫 突飞猛进,-1
TRAIN_SENT_ID_268985,,韩非,荀子,早年 拜师 儒家 ， 师从 儒家 宗师 荀子 ， 与 韩非 是 同门 。,早年 拜师 儒家  师从 儒家 宗师 人物二  人物一 同门,-1
TRAIN_SENT_ID_256568,,周武,周文,应之 於 门 ， 曰 ： 何以 道旦 也 （ 周公 ， 姓姬 名旦 ， 周文 王之 子 ， 周武 王之 弟 ， 周成 王之 叔父 ） ？,应之 於 门  曰  道旦  周公  姓姬 名旦  人物二 王之 子  人物一 王之 弟  周成 王之 叔父,1
TRAIN_SENT_ID_250697,,鲁西西,皮皮鲁,皮皮鲁 和 鲁西西 演唱者 ：,人物二 人物一 演唱者,1
TRAIN_SENT_ID_262278,,尤二姐,尤三姐,红楼 二 尤即 指 尤二姐 和 尤三姐 两个 人 。,红楼 二 尤即 指 人物一 人物二 两个,1
TRAIN_SENT_ID_252387,,颜回,孔子,随师 周游 : 起因 : 颜回 在 其 人生 的 第二个 阶段 ， 约 十四年 的 时间 是 随 孔子 周游列国 。,随师 周游  起因  人物一 人生 第二个 阶段  约 十四年 时间 人物二 周游列国,-1
TRAIN_SENT_ID_250357,,赵飞燕,赵合德,赵飞燕 ， 赵合德 ： 几个 红颜 成 薄命,人物一  人物二  几个 红颜 成 薄命,1
TRAIN_SENT_ID_253083,,颜回,孔子,颜德馨 祖籍 山东 ， 系 孔子 的 弟子 颜回 的 后裔 。,颜德馨 祖籍 山东  系 人物二 弟子 人物一 后裔,-1
TRAIN_SENT_ID_275502,,庞林,庞统,习祯 《 三国志 庞统 传 》 : 庞林 妇 ， 同郡 习祯 妺 。,习祯  三国志 人物二 传   人物一 妇  同郡 习祯 妺,1
TRAIN_SENT_ID_261170,,王缙,王维,代宗 寻求 王维 的 文章 ， 他 的 弟弟 王缙 将 他 的 诗文 编纂 成集 共 十卷 ， 献给 皇上 ， 他 的 诗文 至今 流传于世 。,代宗 寻求 人物二 文章  弟弟 人物一 诗文 编纂 成集 共 十卷  献给 皇上  诗文 流传于世,1
TRAIN_SENT_ID_283976,,唐昊,唐啸,封号 斗罗数 ： 8 名 （ 五位 长老 、 宗主 唐啸 · 啸 天斗罗 、 唐昊 · 昊天 斗罗 （ 已 恢复 ) 、 唐三 · 千手 斗罗 · 首席 长老 ）,封号 斗罗数   名  五位 长老  宗主 人物二  啸 天斗罗  人物一  昊天 斗罗  恢复   唐三  千手 斗罗  首席 长老,1
TRAIN_SENT_ID_249068,,吕洞宾,韩湘子,八仙 是 道教 传说 中 的 八位 神仙 ， 即 铁拐李 、 汉 钟离 、 张果老 、 何仙姑 、 蓝采和 、 吕洞宾 、 韩湘子 、 曹国舅 。,八仙 道教 传说 中 八位 神仙  铁拐李  汉 钟离  张果老  何仙姑  蓝采和  人物一  人物二  曹国舅,-1
TRAIN_SENT_ID_284307,,郑好,王志涛,王志涛 — — 耿炎 、 刘江 舸 、 郑好,人物二   耿炎  刘江 舸  人物一,-1
TRAIN_SENT_ID_271504,,孟优,孟获,761 兀突 骨 762 孟香 763 孟优 764 孟获 765 祝融 夫人 766 木鹿 大王 767 朵思 大王 768 沙摩柯 769 金环三结,兀突 骨  孟香  人物一  人物二  祝融 夫人  木鹿 大王  朵思 大王  沙摩柯  金环三结,1
TRAIN_SENT_ID_256499,,周武,周文,周文 王姬 昌 、 周武 王姬 发 、 周公姬旦 以及 召公 姬奭 等 便是 其中 的 佼佼者 。,人物二 王姬 昌  人物一 王姬 发  周公姬旦 召公 姬奭 便是 佼佼者,1
TRAIN_SENT_ID_261332,,罗松,罗成,隋唐 时期 罗艺 之孙 （ 祖母 姜桂芝 ） ， 罗松 之子 ， 罗成 的 侄子 ， 死 于 薛丁山 征西 ， 儿子 罗平 ， 女儿 罗盈 。,隋唐 时期 罗艺 之孙  祖母 姜桂芝   人物一 之子  人物二 侄子  死 薛丁山 征西  儿子 罗平  女儿 罗盈,1
TRAIN_SENT_ID_257541,,毛泽民,毛泽东,同时 入狱 的 还有 毛泽东 的 二弟 毛泽民 、 毛泽民 的 妻子 朱旦华 、 中共一大 代表 陈潭秋 等 。,入狱 人物二 二弟 人物一  人物一 妻子 朱旦华  中共一大 代表 陈潭秋,1
TRAIN_SENT_ID_253024,,颜回,孔子,3 历史 评价 : 鱼豢 曰 ： 昔 孔子 叹 颜回 ， 以为 三月 不违 仁者 ， 盖观 其 心耳 ， 孰如孙 、 祝 菜色 於 市里 ， 颠倒 於 牢狱 ， 据 有 实事 哉 ？,历史 评价  鱼豢 曰  昔 人物二 叹 人物一  三月 不违 仁者  盖观 心耳  孰如孙  祝 菜色 於 市里  颠倒 於 牢狱  实事,-1
TRAIN_SENT_ID_263648,,尹澄,尹夏沫,（ 出自 泡沫 之夏 Ⅰ ） 喜欢 尹夏沫 泡沫 之夏 尹澄 : 姓名 ： 尹澄,出自 泡沫 之夏 Ⅰ  喜欢 人物二 泡沫 之夏 人物一  姓名  人物一,1
TRAIN_SENT_ID_252512,,颜回,孔子,在 颜回 看来 ， 唯 以此 志 施行 于 天下 ， 方 能 实现 孔子 所谓 “ 老者 安之 ， 少者 怀之 ， 朋友 信 之 ” （ 《 论语 · 公冶 》 ） 的 社会 理想 。,人物一 看来  唯 以此 志 施行 天下  方 实现 人物二 所谓  老者 安之  少者 怀之  朋友 信    论语  公冶   社会 理想,-1
TRAIN_SENT_ID_255416,,罗成,秦琼,第五十五回 斩 鳌 鱼叔 宝 建功 踹 唐营雄信 拼命 第五十六回 秦琼 建祠 报雄信 罗成 奋勇 擒五王,第五十五回 斩 鳌 鱼叔 宝 建功 踹 唐营雄信 拼命 第五十六回 人物二 建祠 报雄信 人物一 奋勇 擒五王,1
TRAIN_SENT_ID_264223,,陈真,霍元甲,在 梁小龙 版 《 陈真 》 中 ， 霍元甲 遇害 ， 赵倩 男 早逝 ， 陈真 收养 了 他们 的 孤儿 霍东觉 ， 带 着 东觉 浪迹江湖 。,梁小龙 版  人物一  中  人物二 遇害  赵倩 男 早逝  人物一 收养 孤儿 霍东觉  带 东觉 浪迹江湖,-1
TRAIN_SENT_ID_276921,,樊迟,孔子,樊迟 ， 是 孔子 七十二 贤弟 子内 的 重要 人物 ， 继承 孔子 兴办 私学 ， 在 儒家 学派 广受 推崇 的 各个 朝代 享有 较 高 礼遇 。,人物一  人物二 七十二 贤弟 子内 重要 人物  继承 人物二 兴办 私学  儒家 学派 广受 推崇 朝代 享有 高 礼遇,-1
TRAIN_SENT_ID_267455,,唐继虞,唐继尧,9 月 23 日 ， 唐继尧 旧部 唐继虞 乘龙 云 与 黔军 相战 ， 从 大理 进至 昆明 ， 围攻 昆明 。,月  日  人物二 旧部 人物一 乘龙 云 黔军 相战  大理 进至 昆明  围攻 昆明,1
TRAIN_SENT_ID_250611,,鲁西西,皮皮鲁,郑渊洁 是 我国 著名作家 ， 其 手下 多部 作品 如 《 皮皮鲁 与 鲁西西 》 等 一直 畅销 不衰 ， 除此之外 多部 小说 也 深受 大家 喜爱 。,郑渊洁 我国 著名作家  手下 多部 作品  人物二 人物一  一直 畅销 不衰  多部 小说 深受 喜爱,1
TRAIN_SENT_ID_265554,,张崇基,张崇德,TakeItEasy （ 曲 / 编 ） ‖ 张崇基 / 张崇德 ‖ 【 TakeItEasy 】 ‖ 2009.04,曲  编  ‖ 人物一  人物二 ‖    ‖,1
TRAIN_SENT_ID_259804,,李偲菘,李伟菘,作词 ： 卡斯 作曲 ： 李伟菘 、 李偲菘,作词  卡斯 作曲  人物二  人物一,1
TRAIN_SENT_ID_255488,,罗成,秦琼,第三十九回 秦琼 三锏 倒 铜旗 罗成 枪 挑孽 世雄 第四十回 罗春 保眷 归金墉 杨林 设计 谋反 王,第三十九回 人物二 三锏 倒 铜旗 人物一 枪 挑孽 世雄 第四十回 罗春 保眷 归金墉 杨林 设计 谋反 王,1
TRAIN_SENT_ID_276115,,黄立成,黄立行,洛城 三 兄弟 ， 大哥 ： 黄立成 ； 二哥 ： 黄立行 ； 表弟 ： 林智文 。,洛城 三 兄弟  大哥  人物一  二哥  人物二  表弟  林智文,1
TRAIN_SENT_ID_277931,,薛真度,薛安都,先是 ， 憕 【 薛憕 】 从祖 真度 【 薛真度 】 与族祖 （ 族 祖裹义 ） 安都 【 薛安都 】 拥徐 、 兖归魏 ， 其子 怀隽 【 薛怀 隽 】 见 憕 ， 甚相 亲善 。,先是  憕  薛憕  从祖 真度  人物一  与族祖  族 祖裹义  安都  人物二  拥徐  兖归魏  其子 怀隽  薛怀 隽  见 憕  甚相 亲善,1
TRAIN_SENT_ID_277654,,关彝,关统,庶子 ： 关彝 ， 关统 死后 袭爵 汉寿 亭 侯 。,庶子  人物一  人物二 死后 袭爵 汉寿 亭 侯,1
TRAIN_SENT_ID_266696,,龙幽,龙溟,四人 认为 寻找 水灵 珠 和 龙溟 应 前往 苗疆 ， 在 神 降密 境遇 见 被 龙溟 封印 的 骨 蛇 ， 龙幽 伤痛 不己 。,四人 认为 寻找 水灵 珠 人物二 应 前往 苗疆  神 降密 境遇 见 人物二 封印 骨 蛇  人物一 伤痛 不己,1
TRAIN_SENT_ID_267151,,靳月光,靳月华,靳月华 和 姐姐 靳月光 ， 都 有 沉鱼落雁 的 美貌 ， 史 称为 她俩 “ 皆 国色 也 ” 。,人物二 姐姐 人物一  沉鱼落雁 美貌  史 称为 她俩  皆 国色,1
TRAIN_SENT_ID_249067,,吕洞宾,韩湘子,八仙 即 人们 常说 的 ： 铁拐李 ， 汉 钟离 ， 张果老 ， 何仙姑 ， 兰采 和 ， 吕洞宾 ， 韩湘子 ， 曹国舅 ， 八仙 面取 “ 八仙 庆寿 ” 之意 。,八仙 常说  铁拐李  汉 钟离  张果老  何仙姑  兰采  人物一  人物二  曹国舅  八仙 面取  八仙 庆寿  之意,-1
TRAIN_SENT_ID_278785,,万寿公主,广德公主,长女 可封 万寿公主 ， 第二 女可封 永福 公主 ， 第三 女可封 西华 公主 ， 第四 女可封 广德公主 ， 第五 女可封 和义公主 ， 第六 女可封 饶安公主 。,长女 可封 人物一  第二 女可封 永福 公主  第三 女可封 西华 公主  第四 女可封 人物二  第五 女可封 和义公主  第六 女可封 饶安公主,1
TRAIN_SENT_ID_270605,,白水喜,白欢喜,电视剧 《 我家 有喜 》 人物 ， 是 白尚武 的 妻子 ， 是 白金 喜 、 白水喜 、 白欢喜 的 生母 和 白木喜 的 养母 ， 由 中国台湾 演员 刘瑞琪 饰演 。,电视剧  我家 有喜  人物  白尚武 妻子  白金 喜  人物一  人物二 生母 白木喜 养母  中国台湾 演员 刘瑞琪 饰演,1
TRAIN_SENT_ID_250678,,鲁西西,皮皮鲁,皮皮鲁 恋着 鲁西西,人物二 恋着 人物一,1
TRAIN_SENT_ID_278070,,马枪月,谷本夏,其兄 是 擅长 八卦掌 的 马枪月 ， 所以 与 谷本夏 是 ” 师 叔侄 “ 的 关系 ；,其兄 擅长 八卦掌 人物一  人物二  师 叔侄  关系,-1
TRAIN_SENT_ID_277345,,公孙烈,公孙贞,介绍 : 公孙烈 ， 字壮 之 ， 秦王 次子 ， 兄长 是 世子 公孙贞 （ 字坚 之 ） 。,介绍  人物一  字壮  秦王 次子  兄长 世子 人物二  字坚,1
TRAIN_SENT_ID_261712,,汤镇业,汤镇宗,主席团 主席 ： 胡珍 王荣宝 任麟 赵卫国 华清 文 黄少良 蔡照波 何 宏兴 汤镇业 汤镇宗 钟伟强,主席团 主席  胡珍 王荣宝 任麟 赵卫国 华清 文 黄少良 蔡照波 宏兴 人物一 人物二 钟伟强,1
TRAIN_SENT_ID_266722,,龙幽,龙溟,夜叉 族 摄政王 ， 龙溟 、 龙幽 的 舅舅 。,夜叉 族 摄政王  人物二  人物一 舅舅,1
TRAIN_SENT_ID_269354,,王中军,王中磊,企业 领袖 ： 柳传志 、 李彦宏 、 马化腾 、 牛根生 、 陈旭东 、 虞锋 、 王中军 、 王中磊 、 冯东明 、 于冬 、 邹其方 …,企业 领袖  柳传志  李彦宏  马化腾  牛根生  陈旭东  虞锋  人物一  人物二  冯东明  于冬  邹其方,1
TRAIN_SENT_ID_261148,,王缙,王维,7 集评 : 唐宋 时期 : 唐 窦蒙 ： 时议 云 ： “ 论诗 则 曰 王维 、 崔颢 ； 论笔 则 王缙 李邕 端州 石室 记 、 李邕 ； 祖咏 、 张 说不得 预焉 。 ”,集评  唐宋 时期  唐 窦蒙  时议 云   论诗 曰 人物二  崔颢  论笔 人物一 李邕 端州 石室 记  李邕  祖咏  张 说不得 预焉,1
TRAIN_SENT_ID_249555,,李蔡,李广,④ 李 轻车 — — 汉朝 名将 李广 的 堂弟 李蔡 曾 随 大将军 卫青 出征 过 匈奴 ， 封 轻车 将军 。,④ 李 轻车   汉朝 名将 人物二 堂弟 人物一 大将军 卫青 出征 匈奴  封 轻车 将军,1
TRAIN_SENT_ID_250384,,赵飞燕,赵合德,这里 的 赵后 ， 就是 赵飞燕 ， 昭仪 就是 赵合德 。,赵后  人物一  昭仪 人物二,1
TRAIN_SENT_ID_279081,,夏林菲,夏翼,萌 侦探 纪事 内容简介 : 萌 侦探 纪事 《 萌 侦探 纪事 1 》 : 本季 主角 ： 莫海音 、 罗洛 、 夏林菲 、 夏翼 、 优优 。,萌 侦探 纪事 内容简介  萌 侦探 纪事  萌 侦探 纪事    本季 主角  莫海音  罗洛  人物一  人物二  优优,1
TRAIN_SENT_ID_261151,,王缙,王维,代宗 访维 文章 ， 弟缙 [ 〔 弟缙 〕 王维 的 弟弟 王缙 。,代宗 访维 文章  弟缙   弟缙  人物二 弟弟 人物一,1
TRAIN_SENT_ID_251435,,李瀚章,李鸿章,王徒心 《 续 汉口 丝谈 》 上 记载 ： “ 光绪 初 ， 合肥 李瀚章 （ 李鸿章 之兄 ） 督 湖广 ， 酷 嗜 此品 （ 按 ： 指 洪山 菜苔 ） ， 觅 种植 于 乡 ， 则 远 不及 。,王徒心  续 汉口 丝谈  记载   光绪 初  合肥 人物一  人物二 之兄  督 湖广  酷 嗜 此品   指 洪山 菜苔   觅 种植 乡  远 不及,1
TRAIN_SENT_ID_275818,,程万牛,程铁牛,唐 王与 秦怀玉 、 罗通 、 程咬金 、 程铁牛 、 程万牛 慰劳 完 三军 ， 回程 路过 一个 山包 ， 被 了 空和尚 请 进 法华寺 。,唐 王与 秦怀玉  罗通  程咬金  人物二  人物一 慰劳 完 三军  回程 路过 一个 山包  空和尚 请 进 法华寺,1
TRAIN_SENT_ID_252995,,颜回,孔子,其七 ， 孔子 赞叹 颜回 虚怀若谷 。,其七  人物二 赞叹 人物一 虚怀若谷,-1
TRAIN_SENT_ID_250402,,赵飞燕,赵合德,（ 西汉 美女 赵飞燕 、 赵合德 的 合称 ） : 二赵 ， 典故 名 ， 典出 《 汉书 》 卷 九十七 下 〈 外戚 列传 下 · 孝成 赵 皇后 〉 。,西汉 美女 人物一  人物二 合称   二赵  典故 名  典出  汉书  卷 九十七  外戚 列传  孝成 赵 皇后,1
TRAIN_SENT_ID_261329,,罗松,罗成,1 人物 简介 : 隋唐 时期 罗艺 之孙 （ 祖母 姜桂芝 ） ， 罗松 之子 ， 罗成 的 侄子 。,人物 简介  隋唐 时期 罗艺 之孙  祖母 姜桂芝   人物一 之子  人物二 侄子,1
TRAIN_SENT_ID_271233,,苏贤方,苏贤达,苏贤达 角色 介绍 : 苏 掌柜的 小儿子 ， 苏贤方 的 弟弟 ， 爱慕 邢青竹 。,人物二 角色 介绍  苏 掌柜的 小儿子  人物一 弟弟  爱慕 邢青竹,1
TRAIN_SENT_ID_252523,,颜回,孔子,337 . 孔子 是 怎样 称赞 颜回 的 ？,人物二 称赞 人物一,-1
TRAIN_SENT_ID_256514,,周武,周文,之后 其 世系 失记 ， 至 二十余 世有 鬻 熊 ， 仕于 周 ， 为 周文 王姬 昌 、 周武 王姬 发之师 。,之后 世系 失记  二十余 世有 鬻 熊  仕于 周  人物二 王姬 昌  人物一 王姬 发之师,1
TRAIN_SENT_ID_250355,,赵飞燕,赵合德,在 这样 的 理论指导 下 ， 他 长期 与 外戚 集团 王氏 对立 ， 也 曾 进言 阻止 赵飞燕 、 赵合德 姐妹 晋封 。,理论指导  长期 外戚 集团 王氏 对立  进言 阻止 人物一  人物二 姐妹 晋封,1
TRAIN_SENT_ID_261962,,何冲,何超,三米板 ： 何冲 、 何超 、 秦凯 、 许国君 、 余隆 基 、 孙知亦 、 张新华,三米板  人物一  人物二  秦凯  许国君  余隆 基  孙知亦  张新华,1
TRAIN_SENT_ID_268465,,单联全,冯一非,单联全 、 冯一非 、 翁虹 、 江宏恩,人物一  人物二  翁虹  江宏恩,-1
TRAIN_SENT_ID_256475,,周武,周文,季连 的 后代 鬻 熊 很 有 学问 ， 曾 做 过 周文 王 姬昌 、 周武 王 姬发 父子 两代 人 的 教师 。,季连 后代 鬻 熊 学问  做 人物二 王 姬昌  人物一 王 姬发 父子 两代 教师,1
TRAIN_SENT_ID_266183,,李昌镐,曹薰铉,执笔 撰写 了 《 李昌镐 新手 新型 》 、 《 曹薰铉 行棋 技巧 》 等 多种 围棋 图书 。,执笔 撰写  人物一 新手 新型    人物二 行棋 技巧  多种 围棋 图书,-1
TRAIN_SENT_ID_282520,,欧阳零,欧阳坤,《 斗 龙战士 》 — — 欧阳零 、 欧阳坤 、 天蝎星 龙 、 双鱼 星龙 、 射手 星龙 、 米拉,斗 龙战士    人物一  人物二  天蝎星 龙  双鱼 星龙  射手 星龙  米拉,1
TRAIN_SENT_ID_251412,,李瀚章,李鸿章,李瀚章 为 李鸿章 之 胞兄 ， 与 孙宝 喧皆系 至亲 。,人物一 人物二 胞兄  孙宝 喧皆系 至亲,1
TRAIN_SENT_ID_250085,,武敦儒,武修文,靖 、 蓉 为 寻找 黄药师 ， 巧遇 武三通 之子 武敦儒 、 武修文 以及 杨康之 子 杨过 。,靖  蓉 寻找 黄药师  巧遇 武三通 之子 人物一  人物二 杨康之 子 杨过,1
TRAIN_SENT_ID_275889,,王子豪,王子杰,与 廖仲谦 、 王子豪 、 王子杰 胜 一帮,廖仲谦  人物一  人物二 胜 一帮,1
TRAIN_SENT_ID_274394,,贾演,贾源,贾代修 一解 ： : 第一代 ： 宁国公 贾演 ， 荣国公 贾源 — — 名字 串连 成 “ 演源 ” ， 判词 是 纲领 ， 曲演 是 简演 ， 假语 村言 是 详演 。,贾代修 一解   第一代  宁国公 人物一  荣国公 人物二   名字 串连 成  演源   判词 纲领  曲演 简演  假语 村言 详演,1
TRAIN_SENT_ID_250094,,武敦儒,武修文,武敦儒 、 武修文 的 名字 就 跟 “ 花铁干 ” 一样 ， 名字 不错 ， 可是 与 姓氏 冲突 。,人物一  人物二 名字  花铁干   名字 不错  姓氏 冲突,1
TRAIN_SENT_ID_275795,,郑益龙,郑锦城,在 梁伟发 身后 是 一众 武警官兵 ， 其中 就 有 郑益龙 的 弟弟 郑锦城 。,梁伟发 身后 一众 武警官兵  人物一 弟弟 人物二,1
TRAIN_SENT_ID_250101,,武敦儒,武修文,第一篇 ， 写 武敦儒 、 武修文 。,第一篇  写 人物一  人物二,1
TRAIN_SENT_ID_252469,,颜回,孔子,出自 《 孔子 家语 · 颜回 》 。,出自  人物二 家语  人物一,-1
TRAIN_SENT_ID_264931,,贾元春,贾宝玉,由 李陆 龄 反串 贾宝玉 ， 赵永馨 演 林黛玉 ， 陈琪 演 薛宝钗 ， 李丽凤 演 王熙凤 ， 许佩蓉演 晴雯 ， 于珊 演 贾元春 ， 张复建 演 贾政 。,李陆 龄 反串 人物二  赵永馨 演 林黛玉  陈琪 演 薛宝钗  李丽凤 演 王熙凤  许佩蓉演 晴雯  于珊 演 人物一  张复建 演 贾政,1
TRAIN_SENT_ID_275457,,李汉俊,李书城,李书城 支持 胞弟 : 李汉俊 是 李书城 的 胞弟 ， 是 中共 早期 的 主要 领袖 。,人物二 支持 胞弟  人物一 人物二 胞弟  中共 早期 主要 领袖,1
TRAIN_SENT_ID_277582,,上官兰心,上官梅儿,上官梅儿 （ 女一号 ） ： 上官兰心 的 结拜 姐妹 ， 聪明伶俐 乖巧 ， 外表美丽 ， 蕙质兰心 ， 琴艺 高超 。,人物二  女一号   人物一 结拜 姐妹  聪明伶俐 乖巧  外表美丽  蕙质兰心  琴艺 高超,1
TRAIN_SENT_ID_259950,,周志文,周志康,今集 跟着 地产 代理 看看 西贡 区村 屋盘 ， 并 请来 孖 仔 周志文 、 周志康 走访 三位 合租 村屋 的 女生 。,今集 跟着 地产 代理 看看 西贡 区村 屋盘  请来 孖 仔 人物一  人物二 走访 三位 合租 村屋 女生,1
TRAIN_SENT_ID_257054,,洪敬尧,洪荣宏,8 . 绵绵 旧情 / 林慧萍 ． 洪荣宏 ． 洪敬尧 林慧萍 睽违 歌坛 2010 最新 录音 ， 再造 男女 对唱 隽永 代表作,绵绵 旧情  林慧萍 ． 人物二 ． 人物一 林慧萍 睽违 歌坛  最新 录音  再造 男女 对唱 隽永 代表作,1
TRAIN_SENT_ID_276999,,樊迟,孔子,敬鬼神而远之 成语 出处 : 春秋 · 鲁 · 孔子 《 论语 · 雍 也 》 ： 樊迟 问知 ， 子 曰 ： “ 务民之义 ， 敬鬼神而远之 ， 可谓 知矣 。 ”,敬鬼神而远之 成语 出处  春秋  鲁  人物二  论语  雍   人物一 问知  子 曰   务民之义  敬鬼神而远之  可谓 知矣,-1
TRAIN_SENT_ID_264935,,贾元春,贾宝玉,第九十七回 贾宝玉 奉命 出远门 贾元春 赐 诏 结姻 眷,第九十七回 人物二 奉命 出远门 人物一 赐 诏 结姻 眷,1
TRAIN_SENT_ID_264938,,贾元春,贾宝玉,异母兄弟 姐妹 ： 贾珠 、 贾元春 、 贾宝玉,异母兄弟 姐妹  贾珠  人物一  人物二,1
TRAIN_SENT_ID_261326,,罗松,罗成,他家 的 罗春 ， 在 《 说 唐 》 是 老家人 ， 在 曲艺 评书 《 兴唐 》 、 《 隋唐 》 、 《 瓦岗 英雄 》 罗春 与 罗松 都 是 罗成 的 兄弟,他家 罗春   说 唐  老家人  曲艺 评书  兴唐    隋唐    瓦岗 英雄  罗春 人物一 人物二 兄弟,1
TRAIN_SENT_ID_276143,,贾惜春,贾珍,蓼 风轩 关于 贾惜春 : 贾惜春 ， 金陵 十二钗 之一 ， 贾珍 的 妹妹 。,蓼 风轩 人物一  人物一  金陵 十二钗  人物二 妹妹,1
TRAIN_SENT_ID_284888,,王燕燕,王伦,王伦 ： 杨怀民 ； 王燕燕 ： 狄莺 ； 莫愁 ： 赵永馨 ； 荆无命 ： 谢屏楠 ； 仁宗 ： 施羽 ；,人物二  杨怀民  人物一  狄莺  莫愁  赵永馨  荆无命  谢屏楠  仁宗  施羽,1
TRAIN_SENT_ID_252599,,颜回,孔子,孔子 信任 颜回,人物二 信任 人物一,-1
TRAIN_SENT_ID_262266,,尤二姐,尤三姐,1983 年 她 演出 《 红楼 二 尤 》 ， 前饰 尤三姐 ， 后饰 尤二姐 ， 不仅 保留 了 荀派 特色 ， 而且 在 唱腔 和 表演 中均 融进 自己 的 理解 和 创造 。,年 演出  红楼 二 尤   前饰 人物二  后饰 人物一  保留 荀派 特色  唱腔 表演 中均 融进 理解 创造,1
TRAIN_SENT_ID_255476,,罗成,秦琼,秦琼 、 尉迟恭 、 程咬金 、 罗成 等 率兵 扫平 了 十八 路 反王 。,人物二  尉迟恭  程咬金  人物一 率兵 扫平 十八 路 反王,1
TRAIN_SENT_ID_275823,,程万牛,程铁牛,程铁牛 、 程万牛 出场 ， 哥俩 个费 了 半天 劲 才 把 红幔 幔 的 弓拉个 半满 。,人物二  人物一 出场  哥俩 个费 半天 劲 红幔 幔 弓拉个 半满,1
TRAIN_SENT_ID_250118,,武敦儒,武修文,靖 、 蓉 为 寻找 黄药师 ， 巧遇 武三通 之子 武敦儒 、 武修文 ， 杨康之 子 杨过 。,靖  蓉 寻找 黄药师  巧遇 武三通 之子 人物一  人物二  杨康之 子 杨过,1
TRAIN_SENT_ID_273363,,杨锐,张之洞,1902 （ 光绪 二十八年 ） ， 张之洞 在 观音 楼之右 ， 为 纪念 戊戌六 君子 之一 的 杨锐 ， 倡议 将 后 经堂 改建 为 “ 豁蒙楼 ” 。,光绪 二十八年   人物二 观音 楼之右  纪念 戊戌六 君子 人物一  倡议 经堂 改建  豁蒙楼,-1
TRAIN_SENT_ID_276217,,姜丽文,姜文杰,年度 亚军 ： 姜文杰 姜丽文,年度 亚军  人物二 人物一,1
TRAIN_SENT_ID_252592,,颜回,孔子,孔子 望见 颜回 攫其 甑 （ z è ng ） 中而食 之 。,人物二 望见 人物一 攫其 甑   è   中而食,-1
TRAIN_SENT_ID_282567,,何奎,归有光,何奎 概述 : 何 煃 ， 号 郎峰 ， 安徽 南陵 “ 十里 三峰 ” 名臣 ， 明代 著名 散文家 归有光 的 弟子 。,人物一 概述  煃  号 郎峰  安徽 南陵  十里 三峰  名臣  明代 著名 散文家 人物二 弟子,-1
TRAIN_SENT_ID_266043,,张学思,张学良,黄显声 特殊 囚犯 : 张学良 送 蒋介石 到 南京 后 被 囚禁 ， 黄显声 会同 张学思 等 人为 营救 释放 张学良 而 奔走呼号 ， 但 毫无结果 。,黄显声 特殊 囚犯  人物二 送 蒋介石 南京 囚禁  黄显声 会同 人物一 人为 营救 释放 人物二 奔走呼号  毫无结果,1
