sent_id,sent_id,entity1,entity2,sent,processed_sent,label
TRAIN_SENT_ID_271463,,杨云,杨威,杨威 、 杨云 分别 从 小狗 身上 取 下 戒指 ， 为 彼此 戴上 新婚 戒指 。,人物二  人物一 小狗 身上 取 戒指  戴上 新婚 戒指,1
TRAIN_SENT_ID_279494,,谭梅,朱军,（ 著名 主持人 朱军 妻子 ） : 谭梅 ， 女 ， 山西 运城 河津 人 ， 影视 演员 、 舞蹈家 ， 从事 舞蹈 表演 及 教学 工作 。,著名 主持人 人物二 妻子   人物一  女  山西 运城 河津  影视 演员  舞蹈家  从事 舞蹈 表演 教学 工作,1
TRAIN_SENT_ID_285728,,周翠英,郑裕彤,郑裕彤 个人 生活 : 郑裕彤 与 周翠英 是 指腹为婚 ， 即 在 出生 前 已 由 家长 决定 婚姻 ， 在 1943 年 正式 结婚 至今 。,人物二 个人 生活  人物二 人物一 指腹为婚  出生 前 家长 决定 婚姻   年 正式 结婚,1
TRAIN_SENT_ID_261107,,胡一刀,胡斐,人物形象 : 《 雪山飞狐 》 主要 写 胡斐 与 苗人凤 和 胡一刀 夫妇 的 江湖 恩仇 。,人物形象   雪山飞狐  主要 写 人物二 苗人凤 人物一 夫妇 江湖 恩仇,-1
TRAIN_SENT_ID_285501,,刘明轩,王傲山,刘明轩 ， 女 ， 35 岁 ， 于 2013 年 1 月 7 日 与 34 岁 金融 才俊 王傲山 结婚 ， 在 九 刘明轩 结婚 ( 5 张 ),人物一  女   岁   年  月  日  岁 金融 才俊 人物二 结婚  九 人物一 结婚   张,1
TRAIN_SENT_ID_272807,,谢烨,顾城,英儿 内容摘要 : 1993 年 10 月 8 日 ， 新西兰 激流 岛 ， 诗人 顾城 的 妻子 谢烨 死 于 顾城 之手 ， 而后 ， 顾城 自缢身亡 。,英儿 内容摘要   年  月  日  新西兰 激流 岛  诗人 人物二 妻子 人物一 死 人物二 之手   人物二 自缢身亡,1
TRAIN_SENT_ID_271142,,彭丽媛,习近平,习近平 主席 偕 夫人 彭丽媛 ， 和 中央电视台 工作人员 一行 超过 百 人 此次 出访 选择 下榻 位于 坦 首都 达累斯萨拉姆 市中心 的 塞雷纳 酒店 。,人物二 主席 偕 夫人 人物一  中央电视台 工作人员 一行 超过 百 出访 选择 下榻 位于 坦 首都 达累斯萨拉姆 市中心 塞雷纳 酒店,1
TRAIN_SENT_ID_286744,,孙国升,孙治强,2011 年 6 月 14 日 ， 上海市 侨办 副 主任 蔡建国 会见 了 孙中山 先生 的 孙媳妇 林伦 可 女士 ( 孙治强 夫人 ) 及其 子 孙国升 。,年  月  日  上海市 侨办 副 主任 蔡建国 会见 孙中山 先生 孙媳妇 林伦 女士  人物二 夫人  子 人物一,-1
TRAIN_SENT_ID_271119,,彭丽媛,习近平,作为 中国 国家 主席 习近平 妻子 的 彭丽媛 ， 也 在 自己 关注 的 公共 健康 领域 和 慈善 领域 做出 了 切实 的 贡献 。,中国 国家 主席 人物二 妻子 人物一  关注 公共 健康 领域 慈善 领域 做出 切实 贡献,1
TRAIN_SENT_ID_282062,,李度仑,李昌镐,2010 年 10 月 28 日 ， 35 岁 的 李昌镐 与 24 岁 的 网站 女 记者 李度仑 结婚 ， 2012 年 3 月 8 日生 一 女儿 。,年  月  日   岁 人物二  岁 网站 女 记者 人物一 结婚   年  月  日生 女儿,1
TRAIN_SENT_ID_272924,,王岳伦,王诗龄,王岳伦 父女 （ 王岳伦 ： 天秤座 ； 王诗龄 ： 天秤座 ）,人物一 父女  人物一  天秤座  人物二  天秤座,-1
TRAIN_SENT_ID_261548,,关兴,关羽,关羽 = 简雍 + 关索 + 关兴 ( 2 ),人物二  简雍  关索  人物一,-1
TRAIN_SENT_ID_260822,,何超琼,许晋亨,再 问 他 许晋亨 与 李嘉欣 结婚 ， 何超琼 心情 如何 ？,问 人物二 李嘉欣 结婚  人物一 心情,1
TRAIN_SENT_ID_272334,,金正恩,金正日,该 媒体 转述 称 ， 司令部 安保 人员 接 金正恩 命令 ， 到 金敬姬 家接 她 参加 金正日 两周年 追悼 活动 。,媒体 转述 称  司令部 安保 人员 接 人物一 命令  金敬姬 家接 参加 人物二 两周年 追悼 活动,-1
TRAIN_SENT_ID_259451,,贾兰,李纨,李纨 的 “ 晚 韶华 ” 与 贾兰 的 “ 虚名 儿,人物二  晚 韶华  人物一  虚名,-1
TRAIN_SENT_ID_284025,,胡青牛,王难姑,这 对 夫妻 ， 就是 胡青牛 和 王难姑 。,夫妻  人物一 人物二,1
TRAIN_SENT_ID_283043,,公孙敬声,公孙贺,太仆 ： 灌夫 、 公孙贺 、 公孙敬声,太仆  灌夫  人物二  人物一,-1
TRAIN_SENT_ID_267335,,赵本山,赵玉芳,赵玉芳 在 赵本山 的 安排 下 ， 从 大连市 公安局 辞职 调入 本山 艺术 学院 工作 。,人物二 人物一 安排  大连市 公安局 辞职 调入 本山 艺术 学院 工作,-1
TRAIN_SENT_ID_273875,,江冬秀,胡适,订婚 后 ， 胡适 到 上海 读书 ， 留学 美国 ， 一去 十多年 ， 直到 1917 年 回家 结婚 ， 从未见过 江冬秀 一面 。,订婚  人物二 上海 读书  留学 美国  一去 十多年   年 回家 结婚  从未见过 人物一 一面,1
TRAIN_SENT_ID_285637,,高尧,刘春卉,高尧 、 刘春卉 大婚,人物一  人物二 大婚,1
TRAIN_SENT_ID_253920,,况天涯,马小玲,出现 个体 ： 况天涯 、 马小玲 。,出现 个体  人物一  人物二,-1
TRAIN_SENT_ID_284358,,唐筼,陈寅恪,陈唐 结婚 甚晚 ， 于 1928 年 在 上海 结婚 ， 陈寅恪 时 年三十 有 八 ， 唐筼 亦 三十 。,陈唐 结婚 甚晚   年 上海 结婚  人物二 时 年三十 八  人物一 三十,1
TRAIN_SENT_ID_260882,,贾珍,贾蓉,也 就是 在 第二十九回 清虚观 打醮 一节 ， 贾珍 因为 贾蓉 躲懒 而 收拾 他 的 一段 ：,第二十九回 清虚观 打醮 一节  人物一 人物二 躲懒 收拾 一段,-1
TRAIN_SENT_ID_253515,,祝彪,扈三娘,扈家庄 比武招亲 ， 扈三娘 与 祝家庄 祝彪 一见钟情 ， 定下 婚约 。,扈家庄 比武招亲  人物二 祝家庄 人物一 一见钟情  定下 婚约,1
TRAIN_SENT_ID_256089,,蒋介石,宋美龄,二 、 蒋介石 向 宋美龄 求婚 的 历程,二  人物一 人物二 求婚 历程,1
TRAIN_SENT_ID_270925,,贾午,韩寿,其女 贾午 为 韩寿 先 戏弄 后 婚娶 。,其女 人物一 人物二 先 戏弄 婚娶,1
TRAIN_SENT_ID_271672,,陆乘风,陆冠英,关海山 （ 陆乘风 ） ， 惠天赐 （ 陆冠英 ）,关海山  人物一   惠天赐  人物二,-1
TRAIN_SENT_ID_262479,,扶苏,秦始皇,《 秦始皇 》 扮演 小 扶苏,人物二  扮演 人物一,-1
TRAIN_SENT_ID_256755,,邵昕,黄玉婷,黄玉婷 事件 : 日前 邵昕 召开 记者会 ， 会上 驳斥 前妻 婷婷 拿 孩子 来 炒作 ， 直言 这种 行为 很 可耻 。,人物二 事件  日前 人物一 召开 记者会  会上 驳斥 前妻 婷婷 孩子 炒作  直言 这种 行为 可耻,1
TRAIN_SENT_ID_248869,,窦滔,苏蕙,司 洛阳 花仙子 ： 苏蕙 （ 窦滔 妻 ） 墟 里 烟,司 洛阳 花仙子  人物二  人物一 妻  墟 里 烟,1
TRAIN_SENT_ID_258276,,陈建斌,蒋勤勤,7 、 陈建斌 和 蒋勤勤 的 麦穗 婚戒,人物一 人物二 麦穗 婚戒,1
TRAIN_SENT_ID_278269,,王珂,刘涛,夫妻感情 : 王珂 感恩 刘涛 ： 我 幸拥 你 才 又 见 人间,夫妻感情  人物一 感恩 人物二  幸拥 见 人间,1
TRAIN_SENT_ID_278227,,萧玉婉,郗徽,萧玉婉 ， 南梁 永世 公主 ， 梁武帝 萧衍 和 武德皇后 郗徽 的 次女 。,人物一  南梁 永世 公主  梁武帝 萧衍 武德皇后 人物二 次女,-1
TRAIN_SENT_ID_271632,,毛岸青,毛泽东,毛泽东 和 毛岸青 、 邵华 合影 。,人物二 人物一  邵华 合影,-1
TRAIN_SENT_ID_283434,,张月亮,张铁林,（ 第六名 ） 张铁林 张月亮,第六名  人物二 人物一,-1
TRAIN_SENT_ID_271669,,陆乘风,陆冠英,曹达华 （ 陆乘风 ） ， 张鸿昌 （ 陆冠英 ）,曹达华  人物一   张鸿昌  人物二,-1
TRAIN_SENT_ID_254198,,邢夫人,贾赦,伯母 ： 邢夫人 （ 贾赦 填房 ）,伯母  人物一  人物二 填房,1
TRAIN_SENT_ID_283884,,王小平,郑晓龙,1992 年 夏天 郑晓龙 与 王小平 在 美国 完婚 。,年 夏天 人物二 人物一 美国 完婚,1
TRAIN_SENT_ID_277773,,何超欣,梁安琪,何超欣 （ 梁安琪 所 出 ）,人物一  人物二 出,-1
TRAIN_SENT_ID_281484,,吕牧石,马慧先,马腾蛟 马慧先 : 马慧先 （ 1929 — — ） ， 吕牧石 之妻 。,马腾蛟 人物二  人物二       人物一 之妻,1
TRAIN_SENT_ID_285400,,郑俊浩,李河静,李河静 与 郑俊浩 婚纱照 ( 6 张 ),人物二 人物一 婚纱照   张,1
TRAIN_SENT_ID_258084,,周海婴,鲁迅,爷爷 周海婴 为 她 选择 了 离家 很近 的 鲁迅 中学 。,爷爷 人物一 选择 离家 很近 人物二 中学,-1
TRAIN_SENT_ID_274992,,李林妲,李旻果,李旻果 李林妲 - 家庭成员 :,人物二 人物一  家庭成员,-1
TRAIN_SENT_ID_272589,,贾蓉,秦可卿,秦可卿 ， 金陵 十二钗 之一 ， 贾蓉 之妻 。,人物二  金陵 十二钗  人物一 之妻,1
TRAIN_SENT_ID_286257,,徐夫人,徐琨,娶 徐琨 女 （ 徐夫人 ） 。,娶 人物二 女  人物一,-1
TRAIN_SENT_ID_274147,,汤国梨,章太炎,怀念 太炎 先生 作者简介 : 汤国梨 （ 1881 ~ 1980 ） ， 章太炎 夫人 ， 浙江 湖州人 。,怀念 太炎 先生 作者简介  人物一       人物二 夫人  浙江 湖州人,1
TRAIN_SENT_ID_276167,,苏蕙,窦滔,窦滔 的 妻子 苏蕙 曾 织锦 为 回文 寄给 他 ， 后 因以 指 情书 。,人物二 妻子 人物一 织锦 回文 寄给  因以 指 情书,1
TRAIN_SENT_ID_266571,,许晋亨,李嘉欣,资深 娱乐 人士 查小欣 透露 ， 李嘉欣 与 许晋亨 的 婚礼 属于 私人 婚宴 ， 不 接待 圈中 友人 。,资深 娱乐 人士 查小欣 透露  人物二 人物一 婚礼 属于 私人 婚宴  接待 圈中 友人,1
TRAIN_SENT_ID_260663,,李莎,李立三,《 我 的 中国 缘分 李立三 夫人 李莎 回忆录 》 是 2009 年 外语教学与研究出版社 出版 的 图书 。,中国 缘分 人物二 夫人 人物一 回忆录   年 外语教学与研究出版社 出版 图书,1
TRAIN_SENT_ID_271129,,彭丽媛,习近平,会见 前 ， 习近平 和 夫人 彭丽媛 在 卡莫 纳 总统 夫妇 陪同 下 ， 专门 会见 了 特多 中学生 代表 。,会见 前  人物二 夫人 人物一 卡莫 纳 总统 夫妇 陪同  专门 会见 特多 中学生 代表,1
TRAIN_SENT_ID_255854,,蒋介石,宋美龄,活佛 寺 位于 鸡公山 上 的 蒋介石 夫人 宋美龄 舞厅 的 南边 。,活佛 寺 位于 鸡公山 人物一 夫人 人物二 舞厅 南边,1
TRAIN_SENT_ID_275221,,丁力,冯程程,许文强 怀着 一颗 复仇 之心 回到 上海 ， 在 曾经的爱 人 冯程程 和 好 兄弟 丁力 的 婚礼 现场 ， 他 只身 闯入 。,许文强 怀着 一颗 复仇 之心 回到 上海  曾经的爱 人物二 兄弟 人物一 婚礼 现场  只身 闯入,1
TRAIN_SENT_ID_257002,,李嫣,王菲,大张伟 搭档 天后 王菲 爱女 李嫣 合唱 ， 完美 演绎 爱心 公益 主题 ， 传播 传递 善 与 爱 的 概念 。,大张伟 搭档 天后 人物二 爱女 人物一 合唱  完美 演绎 爱心 公益 主题  传播 传递 善 爱 概念,-1
TRAIN_SENT_ID_277946,,杨文昌,杨威,[ 3 - 4 ] 同年 5 月 杨文昌 和 父亲 杨威 参与 湖南卫视 大型 亲子 真人秀 节目 《 爸爸 去 哪儿 》 第二季 的 录制 ， 引发 众多 网友 关注 。,同年  月 人物一 父亲 人物二 参与 湖南卫视 大型 亲子 真人秀 节目  爸爸  第二季 录制  引发 众多 网友 关注,-1
TRAIN_SENT_ID_274118,,郭晓如,曾馨莹,曾馨莹 与 女儿 妞妞 （ 郭晓如 ） 穿 母女 装,人物二 女儿 妞妞  人物一  穿 母女 装,-1
TRAIN_SENT_ID_286699,,秋道蝶蝶,秋道丁次,第四次 忍界 大战 中 忍者 联军 第二 部队 队员 ， 在此期间 曾经 中 了 无限 月 读 ， 大战 结束 后 数年 后 嫁 与 秋道丁次 为妻 ， 生一 女儿 秋道蝶蝶 。,第四次 忍界 大战 中 忍者 联军 第二 部队 队员  在此期间 曾经 中 无限 月 读  大战 结束 数年 嫁 人物二 为妻  生一 女儿 人物一,-1
TRAIN_SENT_ID_283539,,高炜晟,高天峰,高炜晟 的 姑父 说 ， 高炜晟 是 高天峰 夫妻 超生 的 。,人物一 姑父 说  人物一 人物二 夫妻 超生,-1
TRAIN_SENT_ID_277380,,樊姬,楚庄王,"画 楚庄王 夫人 樊姬 为 劝阻 庄王 沉溺于 狩猎 而 不食 鲜禽 的 故事 。 """,画 人物二 夫人 人物一 劝阻 庄王 沉溺于 狩猎 不食 鲜禽 故事,1
TRAIN_SENT_ID_276165,,苏蕙,窦滔,或云起 自 窦滔 妻 苏蕙 ， 于锦 上 织成 文 ， 顺读 与 倒 读皆成 诗句 。,或云起 人物二 妻 人物一  于锦 织成 文  顺读 倒 读皆成 诗句,1
TRAIN_SENT_ID_286376,,谢姬,孙权,谢姬 ， 三国 东 吴大帝 孙权 的 夫人 。,人物一  三国 东 吴大帝 人物二 夫人,1
TRAIN_SENT_ID_263901,,刘嘉玲,梁朝伟,特别 来宾 ： 林宥嘉 / 刘力扬 主持人 ： 仁甫 孟哲 进行 ： 完娱 榜中榜 - 梁朝伟 、 刘嘉玲 世纪 婚礼,特别 来宾  林宥嘉  刘力扬 主持人  仁甫 孟哲 进行  完娱 榜中榜  人物二  人物一 世纪 婚礼,1
TRAIN_SENT_ID_287208,,李瑞英,张宇燕,而 张宇燕 的 妻子 是 中央电视台 著名 主持人 李瑞英 。,人物二 妻子 中央电视台 著名 主持人 人物一,1
TRAIN_SENT_ID_276565,,孔子,亓官氏,此殿 在 大成殿 之后 ， 是 祭祀 孔子 夫人 亓官氏 的 地方 。,此殿 大成殿 之后  祭祀 人物一 夫人 人物二 地方,1
TRAIN_SENT_ID_255112,,鲁元公主,张敖,燕灵 王刘建 鲁元公主 丈夫 : 张敖 ， 初袭 赵王 位 。,燕灵 王刘建 人物一 丈夫  人物二  初袭 赵王 位,1
TRAIN_SENT_ID_262006,,王明华,梅兰芳,梅兰芳 发妻 王明华 病故,人物二 发妻 人物一 病故,1
TRAIN_SENT_ID_282980,,徐潮生,陈世倌,陈世倌 家庭 （ 书剑 恩仇录 ） : 妻子 ， 徐潮生 。,人物二 家庭  书剑 恩仇录   妻子  人物一,1
TRAIN_SENT_ID_276184,,苏蕙,窦滔,⑹ 窦家妻 ： 指 窦滔 之妻 苏蕙 。,⑹ 窦家妻  指 人物二 之妻 人物一,1
TRAIN_SENT_ID_264117,,刘备,孙尚香,结果 ： 刘备 与 孙尚香 结婚,人物一 人物二 结婚,1
TRAIN_SENT_ID_286834,,刘元,邓晨,"刘元 - - - - 刘秀 二姐 , 邓晨 之妻 。",人物一     刘秀 二姐  人物二 之妻,1
TRAIN_SENT_ID_260662,,李莎,李立三,第二章 李立三 蒙冤 入狱 李莎 放弃 团证 救 丈夫,第二章 人物二 蒙冤 入狱 人物一 放弃 团证 救 丈夫,1
TRAIN_SENT_ID_270290,,宣姜,卫宣公,宣姜 是 齐国 女子 ， 嫁 卫宣公 为 夫人 ， 子为 卫惠公 。,人物一 齐国 女子  嫁 人物二 夫人  子为 卫惠公,1
TRAIN_SENT_ID_276251,,西门吹雪,孙秀青,西门吹雪 的 夫人 正是 峨眉 四秀 之一 孙秀青 。,人物一 夫人 峨眉 四秀 人物二,1
TRAIN_SENT_ID_282647,,杜江,杜宇麒,2013 年 9 月 19 日 上午 9 点 ， 杜宇麒 降生 ， 体重 八斤 三两 ； 2015 年 和 爸爸 杜江 参加 《 爸爸 回来 了 第二季 》 。,年  月  日 上午  点  人物二 降生  体重 八斤 三两   年 爸爸 人物一 参加  爸爸 回来 第二季,-1
TRAIN_SENT_ID_281486,,吕牧石,马慧先,吕牧石 马慧先 : 马慧先 ， 吕牧石 之妻 。,人物一 人物二  人物二  人物一 之妻,1
TRAIN_SENT_ID_273303,,秦香莲,陈世美,陈世美 家境贫寒 ， 与 妻子 秦香莲 （ 湖广 均州 人氏 ， 今 湖北 丹江口 人 ） 恩爱 和谐 。,人物二 家境贫寒  妻子 人物一  湖广 均州 人氏  湖北 丹江口  恩爱 和谐,1
TRAIN_SENT_ID_251384,,李安琪,李小鹏,李安琪 的 丈夫 是 体操 名将 李小鹏 。,人物一 丈夫 体操 名将 人物二,1
TRAIN_SENT_ID_258918,,王熙凤,贾琏,【 王熙凤 】 小名 凤姐儿 ， 浑号 凤辣子 ， 贾琏 之妻 。,人物一  小名 凤姐儿  浑号 凤辣子  人物二 之妻,1
TRAIN_SENT_ID_283649,,卢淑仪,李克勤,卢淑仪 ， 丈夫 李克勤,人物一  丈夫 人物二,1
TRAIN_SENT_ID_278525,,李秀文,叶挺,1925 年 ， 叶挺 与 李秀文 结婚 。,年  人物二 人物一 结婚,1
TRAIN_SENT_ID_281809,,李蕙仙,梁启超,梁启超 夫人 李蕙仙 、 王桂荃 / 16,人物二 夫人 人物一  王桂荃,1
TRAIN_SENT_ID_279638,,窦仙童,薛丁山,下嫁 给 薛丁山 为妻 ， 与 樊梨花 、 窦仙童 同 为 薛丁山 的 正房 妻室 。,下嫁 人物二 为妻  樊梨花  人物一 人物二 正房 妻室,1
TRAIN_SENT_ID_283992,,金乡公主,何晏,金乡公主 ， 名 不详 ， 何晏 之妻,人物一  名 不详  人物二 之妻,1
TRAIN_SENT_ID_277372,,樊姬,楚庄王,⑨ 、 樊姬 ： 楚庄王 夫人 。,⑨  人物一  人物二 夫人,1
TRAIN_SENT_ID_255871,,蒋介石,宋美龄,蒋介石 和 宋美龄 结婚 ， 谭延闿 为 介绍 人 。,人物一 人物二 结婚  谭延闿 介绍,1
TRAIN_SENT_ID_265535,,周萍,周朴园,蘩 漪 ： 35 岁 ， 周朴园 之妻 ， 与 周萍 私通 。,蘩 漪   岁  人物二 之妻  人物一 私通,-1
TRAIN_SENT_ID_285049,,朱见深,朱祁镇,忻 穆王 朱见治 （ 1458 年 3 月 18 日 ― 1472 年 4 月 2 日 ） ， 母万宸 妃 ； 明英宗 朱祁镇 第八 子 ， 明宪宗 朱见深 异 母弟 ， 母宸 妃 万氏 。,忻 穆王 朱见治   年  月  日 ―  年  月  日   母万宸 妃  明英宗 人物二 第八 子  明宪宗 人物一 异 母弟  母宸 妃 万氏,-1
TRAIN_SENT_ID_277950,,杨文昌,杨威,2014 年 4 月 19 日 ， 杨威 与 儿子 杨文昌 （ 杨阳 洋 ） 参加 湖南卫视 综艺节目 《 快乐 大本营 》 。,年  月  日  人物二 儿子 人物一  杨阳 洋  参加 湖南卫视 综艺节目  快乐 大本营,-1
TRAIN_SENT_ID_262000,,王明华,梅兰芳,梅兰芳 大师 的 原配 夫人 王 王明华 是 王毓楼 的 五妹 。,人物二 大师 原配 夫人 王 人物一 王毓楼 五妹,1
TRAIN_SENT_ID_281550,,李锐,蒋韵,蒋韵 家庭成员 : 丈夫 ： 李锐,人物二 家庭成员  丈夫  人物一,1
TRAIN_SENT_ID_263673,,陈文琦,王雪红,38 . 王雪红 和 第二个 丈夫 陈文琦,人物二 第二个 丈夫 人物一,1
TRAIN_SENT_ID_274306,,刘嫖,陈午,刘嫖 越礼 之始 : 陈皇后 失位 后 第二年 ， 刘嫖 的 丈夫 陈午 方才 过世 。,人物一 越礼 之始  陈皇后 失位 第二年  人物一 丈夫 人物二 方才 过世,1
TRAIN_SENT_ID_281887,,张静,黄茂如,张静 及其 丈夫 黄茂如 以 财富 185 亿元 排名 第七 。,人物一 丈夫 人物二 财富  亿元 排名 第七,1
TRAIN_SENT_ID_255934,,蒋介石,宋美龄,蒋介石 、 宋美龄 夫妻 相处,人物一  人物二 夫妻 相处,1
TRAIN_SENT_ID_255596,,蒋介石,宋美龄,1927 年 — — 蒋介石 与 宋美龄 结婚,年   人物一 人物二 结婚,1
TRAIN_SENT_ID_276771,,丁夫人,曹操,夏侯渊 ， 字妙 才 ， 夏侯惇 从弟 ， 曹操 连襟 ， 娶 丁夫人 之妹 。,夏侯渊  字妙  夏侯惇 从弟  人物二 连襟  娶 人物一 之妹,1
TRAIN_SENT_ID_281426,,万玉枝,高咏,到 了 万家 以后 ， 见过 万玉枝 的 丈夫 高咏 卧病在床 ， 昏迷不醒 。,万家 以后  见过 人物一 丈夫 人物二 卧病在床  昏迷不醒,1
TRAIN_SENT_ID_284194,,谭俊彦,狄龙,1980 年 7 月 30 日 ， 狄龙 与 陶敏明 的 儿子 谭俊彦 出生 。,年  月  日  人物二 陶敏明 儿子 人物一 出生,-1
TRAIN_SENT_ID_273354,,秦香莲,陈世美,为了 升官发财 ， 陈世美 更 抛弃 前妻 秦香莲 ， 当 上 千金小姐 的 驸马 。,升官发财  人物二 更 抛弃 前妻 人物一  千金小姐 驸马,1
TRAIN_SENT_ID_274307,,刘嫖,陈午,越礼 之始 : 陈皇后 失位 后 第二年 ， 刘嫖 的 丈夫 陈午 方才 过世 。,越礼 之始  陈皇后 失位 第二年  人物一 丈夫 人物二 方才 过世,1
TRAIN_SENT_ID_284361,,唐筼,陈寅恪,唐筼 （ 1898 — — 1969 ） ， 陈寅恪 的 夫人 ， 1898 年生 ， 广西 灌阳 人 。,人物一        人物二 夫人   年生  广西 灌阳,1
TRAIN_SENT_ID_279584,,马丽娟,赵本山,1992 年 ， 赵本山 与 马丽娟 结婚 。,年  人物二 人物一 结婚,1
TRAIN_SENT_ID_273938,,江冬秀,胡适,西部 是 胡适 与 江冬秀 结婚 房间 ， 房内 有 木床 、 桌 、 椅 、 橱 、 凳 等 。,西部 人物二 人物一 结婚 房间  房内 木床  桌  椅  橱  凳,1
TRAIN_SENT_ID_267473,,宋霭龄,孔祥熙,宋霭龄 家庭成员 : 丈夫 ： 孔祥熙,人物一 家庭成员  丈夫  人物二,1
TRAIN_SENT_ID_274762,,韩淑秀,郭松龄,韩淑秀 冒死 搭救 心上人 : 郭松龄 的 夫人 韩淑秀 （ 1891 － 1925 ） ， 堪称 奉天 奇女子 。,人物一 冒死 搭救 心上人  人物二 夫人 人物一       堪称 奉天 奇女子,1
TRAIN_SENT_ID_267605,,金正恩,李雪主,金正恩 还 金正恩 与 夫人 李雪主 被选为 朝鲜人民军 党代表 。,人物一 人物一 夫人 人物二 被选为 朝鲜人民军 党代表,1
TRAIN_SENT_ID_273909,,江冬秀,胡适,妻子 ： 江冬秀 ， 由 胡适 其母 包办 ， 1917 年 成婚 。,妻子  人物一  人物二 其母 包办   年 成婚,1
TRAIN_SENT_ID_285899,,赵一涵,赵本山,目前 赵本山 女儿 赵一涵 （ 妞妞 ） 大胆 晒出 了 一组 自己 的 海军 制服 露脐 写真 。,目前 人物二 女儿 人物一  妞妞  大胆 晒出 一组 海军 制服 露脐 写真,-1
TRAIN_SENT_ID_285015,,庄月明,李嘉诚,第七章 心心相印 亲上 结亲 喜叠喜 : 李嘉诚 的 妻子 是 表妹 庄月明 。,第七章 心心相印 亲上 结亲 喜叠喜  人物二 妻子 表妹 人物一,1
TRAIN_SENT_ID_257137,,胡金铨,钟玲,胡金铨 婚姻 : 胡金铨 ， 夫人 钟玲,人物一 婚姻  人物一  夫人 人物二,1
TRAIN_SENT_ID_282386,,骆冰,文泰来,“ 奔雷 手 ” 文泰来 — — 四 当家 ， 骆冰 的 丈夫 。,奔雷 手  人物二   四 当家  人物一 丈夫,1
TRAIN_SENT_ID_279152,,赵薇,黄有龙,2011 年 7 月 23 日 赵薇 老公 黄有龙 微薄 登 了 一张 女儿 手 捧 “ 小金 ” 人 的 照片 。,年  月  日 人物一 老公 人物二 微薄 登 一张 女儿 手 捧  小金  照片,1
TRAIN_SENT_ID_282401,,陈品亨,陈鸿烈,陈鸿烈 的 突然 离世 引起 舆论 的 普遍 关注 ， 作为 陈鸿烈 女儿 的 陈品亨 也 受到 了 较大 关注 。,人物二 突然 离世 引起 舆论 普遍 关注  人物二 女儿 人物一 较大 关注,-1
TRAIN_SENT_ID_285006,,庄月明,李嘉诚,李嘉诚 全传 第七章 心心相印 亲上 结亲 喜叠喜 : 李嘉诚 的 妻子 是 表妹 庄月明 。,人物二 全传 第七章 心心相印 亲上 结亲 喜叠喜  人物二 妻子 表妹 人物一,1
TRAIN_SENT_ID_274755,,韩淑秀,郭松龄,1925 年 12 月 ， 郭松龄 、 韩淑秀 夫妻 惨遭 “ 曝尸 ” 之辱 。,年  月  人物二  人物一 夫妻 惨遭  曝尸  之辱,1
TRAIN_SENT_ID_286632,,胡晓凤,张劲夫,张劲夫 家庭成员 : 夫人 ： 胡晓凤,人物二 家庭成员  夫人  人物一,1
TRAIN_SENT_ID_283233,,鲍喜顺,夏淑娟,夏淑娟 2007 年 3 月 36 日 ， 内蒙古 赤峰市 敖汉旗 民政部门 的 工作人员 专程 来到 了 鲍喜顺 的 家中 ， 给 他们 办理 结婚 登记手续 。,人物二  年  月  日  内蒙古 赤峰市 敖汉旗 民政部门 工作人员 专程 来到 人物一 家中  办理 结婚 登记手续,1
TRAIN_SENT_ID_287262,,张静,杨志刚,杨志刚 的 妻子 叫 张静 ， 是 一名 配音演员 。,人物二 妻子 人物一  一名 配音演员,1
TRAIN_SENT_ID_262004,,王明华,梅兰芳,姑母 王明华 是 梅兰芳 夫人 。,姑母 人物一 人物二 夫人,1
TRAIN_SENT_ID_286758,,江佩蓉,陶喆,江佩蓉 ， 著名 歌手 陶喆 妻子 。,人物一  著名 歌手 人物二 妻子,1
TRAIN_SENT_ID_257022,,李嫣,王菲,2006 年 ， 王菲 和 李亚鹏 的 女儿 李嫣 因 唇腭裂 再次 引起 媒体 关注 。,年  人物二 李亚鹏 女儿 人物一 唇腭裂 再次 引起 媒体 关注,-1
TRAIN_SENT_ID_286384,,吕玲绮,吕布,吕布 、 文丑 、 祝融 夫人 、 吕玲绮 ...,人物二  文丑  祝融 夫人  人物一,-1
TRAIN_SENT_ID_274149,,汤国梨,章太炎,章太炎 与 汤国梨 · 国学大师 的 新式 婚礼,人物二 人物一  国学大师 新式 婚礼,1
TRAIN_SENT_ID_279174,,赵薇,黄有龙,2012 年 春节假期 期间 赵薇 老公 黄有龙 不 忘 给 网友 送上 福利 ， 于 1 月 27 日 14 时 56 分在 新浪 微博中 晒 出 女儿 的 可爱 街 拍照 。,年 春节假期 期间 人物一 老公 人物二 忘 网友 送上 福利   月  日  时  分在 新浪 微博中 晒 出 女儿 可爱 街 拍照,1
TRAIN_SENT_ID_248862,,窦滔,苏蕙,“ 锦字 ” 化 用 窦滔 、 苏蕙 夫妻 之典 。,锦字  化 人物一  人物二 夫妻 之典,1
TRAIN_SENT_ID_285907,,赵一涵,赵本山,2011 年 5 月 ， 赵本山 十四岁 女儿 妞妞 自拍照 曝光 ， 妞妞 已经 十四岁 了 ， 赵一涵 即将 进入 高中 就读 。,年  月  人物二 十四岁 女儿 妞妞 自拍照 曝光  妞妞 已经 十四岁  人物一 即将 进入 高中 就读,-1
TRAIN_SENT_ID_277382,,樊姬,楚庄王,楚妃 叹 l ； 烈女传 : 樊姬 者 ， 楚庄王 之 夫人 也 。,楚妃 叹   烈女传  人物一  人物二 夫人,1
TRAIN_SENT_ID_281422,,吴雅婷,王栎鑫,他 表示 ， 王栎鑫 的 妻子 吴雅婷 是 圈外 人士 ， 也 是 湖南 妹子 ， 两人 相识 于 朋友 的 聚会 。,表示  人物二 妻子 人物一 圈外 人士  湖南 妹子  两人 相识 朋友 聚会,1
TRAIN_SENT_ID_283779,,李静民,姜昆,姜昆 的 妻子 ， 李静民 ， 是 一名 曲艺 说唱 大师 。,人物二 妻子  人物一  一名 曲艺 说唱 大师,1
TRAIN_SENT_ID_276170,,苏蕙,窦滔,晋 窦滔 妻 苏蕙 字若兰 ， 善属文 。,晋 人物二 妻 人物一 字若兰  善属文,1
TRAIN_SENT_ID_260655,,李莎,李立三,孙维熙 李立三 夫人 李莎 回首往事,孙维熙 人物二 夫人 人物一 回首往事,1
TRAIN_SENT_ID_273931,,江冬秀,胡适,胡适 与 曹诚英 第一次 见面 是 在 他 与 江冬秀 的 婚礼 上 。,人物二 曹诚英 第一次 见面 人物一 婚礼,1
TRAIN_SENT_ID_285103,,石磊,潘阳,据悉 ， 新郎 石磊 比 潘阳 大 两岁 ， 两人 自 曝 相亲 认识 的 时候 就是 奔 着 结婚 去 的 ， 所以 一切 也 就 顺其自然 ， 至于 什么 时候 要 孩子 ， 就 随 缘分 。,据悉  新郎 人物一 人物二 两岁  两人 曝 相亲 认识 奔 结婚  顺其自然  孩子  缘分,1
TRAIN_SENT_ID_286835,,刘元,邓晨,刘元 嫁 邓晨 为妻 。,人物一 嫁 人物二 为妻,1
TRAIN_SENT_ID_274321,,方怡,韦小宝,方怡 也 是 韦小宝 七位 夫人 之一 。,人物一 人物二 七位 夫人,1
TRAIN_SENT_ID_254360,,金友庄,高凌风,在 前些 日子 高凌风 得知 自己 的 血癌 时 ， 前妻 金友庄 第一 时间 前去 探望 。,前些 日子 人物二 得知 血癌 时  前妻 人物一 第一 时间 前去 探望,1
TRAIN_SENT_ID_255671,,蒋介石,宋美龄,51 . 出色 的 外交家 、 蒋介石 夫人 — — 宋美龄 / 83,出色 外交家  人物一 夫人   人物二,1
TRAIN_SENT_ID_269210,,陆雪琪,张小凡,师 弟媳 ： 陆雪琪 （ 张小凡 之妻 ）,师 弟媳  人物一  人物二 之妻,1
TRAIN_SENT_ID_258009,,黄睿靓,陈致中,陈致中 （ 妻 黄睿靓 ）,人物二  妻 人物一,1
TRAIN_SENT_ID_268571,,潘金莲,武大郎,"2 内容简介 : 武大郎 天生 神力 , 潘金莲 是 模范 妻子 , 你 信 吗 ?",内容简介  人物二 天生 神力  人物一 模范 妻子  信,1
TRAIN_SENT_ID_263873,,刘嘉玲,梁朝伟,梁朝伟 和 刘嘉玲 昨天 举行 婚前 欢迎 派对 ， 以 不丹 菜 招待 近 百位 宾客 。,人物二 人物一 昨天 举行 婚前 欢迎 派对  不丹 菜 招待 近 百位 宾客,1
TRAIN_SENT_ID_266577,,许晋亨,李嘉欣,多次 与 男友 许晋亨 传婚 讯 的 大美人 李嘉欣 ， 终于 美梦成真 嫁入 豪门 ， 正式 成为 许家 媳妇 。,多次 男友 人物一 传婚 讯 大美人 人物二  终于 美梦成真 嫁入 豪门  正式 成为 许家 媳妇,1
TRAIN_SENT_ID_255913,,蒋介石,宋美龄,宋庆龄 从 民族 与 革命 的 前途 出发 ， 果断 表明 了 自己 的 立场 和 态度 ， 坚决 反对 宋美龄 与 蒋介石 的 婚姻 。,宋庆龄 民族 革命 前途 出发  果断 表明 立场 态度  坚决 反对 人物二 人物一 婚姻,1
TRAIN_SENT_ID_279605,,晏紫,李圣根,在 随后 的 接触 中 ， 李圣根 的 修养 、 浪漫 彻底 征服 了 晏紫 ， 两人 终于 在 2009 年 结束 之际 步入 婚姻 殿堂 。,接触 中  人物二 修养  浪漫 彻底 征服 人物一  两人 终于  年 结束 之际 步入 婚姻 殿堂,1
TRAIN_SENT_ID_271051,,彭丽媛,习近平,19 时 58 分 ， 习近平 和 夫人 彭丽媛 ， 国际奥委会 主席 托马斯 · 巴赫 和 夫人 等 步入 主席台 ， 向 观众 挥手致意 。,时  分  人物二 夫人 人物一  国际奥委会 主席 托马斯  巴赫 夫人 步入 主席台  观众 挥手致意,1
TRAIN_SENT_ID_256765,,许婧,陈赫,2013 年 9 月 中旬 ， 陈赫 与 相恋 十三年 的 女友 许婧 举办 婚礼 。,年  月 中旬  人物二 相恋 十三年 女友 人物一 举办 婚礼,1
TRAIN_SENT_ID_278667,,叶一茜,田亮,田亮 个人 生活 : 2007 年 11 月 29 日 田亮 叶一茜 在 在 西安 香格里拉 饭店 举行 婚礼 。,人物二 个人 生活   年  月  日 人物二 人物一 西安 香格里拉 饭店 举行 婚礼,1
TRAIN_SENT_ID_255859,,蒋介石,宋美龄,宋美龄 身后 重大事件 揭秘 内容简介 : 宋美龄 ， 蒋介石 的 夫人 及 外交 助手 。,人物二 身后 重大事件 揭秘 内容简介  人物二  人物一 夫人 外交 助手,1
TRAIN_SENT_ID_261313,,朱兆祥,胡静,比婚 胡静 : 胡静 的 婚礼 堪称 世纪 婚礼 ， 在 胡静 和 朱兆祥 大婚 期间 其婚 房选 在 半山 别墅 ， 别墅 价值 千万 ， 且 处于 吉隆坡 市中心 。,比婚 人物二  人物二 婚礼 堪称 世纪 婚礼  人物二 人物一 大婚 期间 其婚 房选 半山 别墅  别墅 价值 千万  处于 吉隆坡 市中心,1
TRAIN_SENT_ID_263725,,郭槐,贾充,贾充 也 因 畏惧 郭槐 ， 辞让 了 准置 两 夫人 的 诏书 。,人物二 畏惧 人物一  辞让 准置 两 夫人 诏书,1
TRAIN_SENT_ID_250947,,霍震霆,朱玲玲,朱玲玲 透过 好友 承认 跟 霍震霆 两年 前 已 正式 离婚 ， 结束 维持 了 26 年 的 童话 式 婚姻 。,人物二 透过 好友 承认 人物一 两年 前 正式 离婚  结束 维持  年 童话 式 婚姻,1
TRAIN_SENT_ID_281642,,黄峨,杨慎,黄峨 与 杨慎 分别 达 三十年 之 久 ， 她 对 丈夫 的 苦苦 思念 ， 是 难以 用 语言表达 的 。,人物一 人物二 达 三十年 久  丈夫 苦苦 思念  难以 语言表达,1
TRAIN_SENT_ID_272315,,金正恩,金正日,在 其 母亲 2004 年 去世 之前 ， 金正恩 经常 身穿 军装 、 佩戴 手枪 ， 率先 到 金正日 即将 视察 的 军队 宣传 父亲 的 “ 先军 政治 ” 。,母亲  年 去世 之前  人物一 经常 身穿 军装  佩戴 手枪  率先 人物二 即将 视察 军队 宣传 父亲  先军 政治,-1
TRAIN_SENT_ID_252293,,文姜,鲁桓公,文姜 ， 嫁 鲁桓公 宣姜 丈夫 : 第一任 丈夫 ： 卫宣公,人物一  嫁 人物二 宣姜 丈夫  第一任 丈夫  卫宣公,1
TRAIN_SENT_ID_263113,,毛福梅,蒋介石,蒋介石 和 毛福梅 的 《 协议 离婚 书 》,人物二 人物一  协议 离婚 书,1
TRAIN_SENT_ID_272738,,徐天宏,周绮,“ 武 诸葛 ” 徐天宏 — — 七 当家 ， 周绮 的 丈夫 ， 智谋 百出 。,武 诸葛  人物一   七 当家  人物二 丈夫  智谋 百出,1
TRAIN_SENT_ID_278112,,马世嫒,马景涛,如今 马世嫒 已经 出 落得 婷婷玉立 ， 2008 年 更是 考上 了 中戏 表演系 ， 这 让 马景涛 感到 很 骄傲 。,如今 人物一 已经 出 落得 婷婷玉立   年 更是 考上 中戏 表演系  人物二 感到 骄傲,-1
TRAIN_SENT_ID_273882,,江冬秀,胡适,胡适 十几岁 时 就 与 江冬秀 订 了 婚 ， 但 到 美国 之后 ， 邂逅 了 才情 超逸 的 韦莲司 并 为 之 倾倒 ， 两人 的 半世 情缘 从此 启幕 ， 现在 已 不是 秘密 了 。,人物二 十几岁 时 人物一 订 婚  美国 之后  邂逅 才情 超逸 韦莲司 倾倒  两人 半世 情缘 启幕  现在 秘密,1
TRAIN_SENT_ID_282963,,王晓蓉,王中磊,王中磊 在 婚礼 上 对 自己 的 发妻 王晓蓉 说 ， “ 20 年前 我 拎 着 一个包 娶 走 你 没 让 你 穿过 婚纱 ， 20 年 后 我 再 给 你 披上 婚纱 。 ”,人物二 婚礼 发妻 人物一 说    年前 拎 一个包 娶 走 没 穿过 婚纱   年 披上 婚纱,1
TRAIN_SENT_ID_282423,,欧阳娣娣,欧阳龙,欧阳娣娣 个人 生活 : 欧阳娣娣 的 父亲 欧阳龙 是 台北市 议员 ， 妈妈 是 演员 傅娟 ， 姑姑 是 歌手 欧阳菲菲 。,人物一 个人 生活  人物一 父亲 人物二 台北市 议员  妈妈 演员 傅娟  姑姑 歌手 欧阳菲菲,-1
TRAIN_SENT_ID_270709,,赵宏博,申雪,2010 年 ， 申雪 、 赵宏博 在 温哥华 圆 奥运金牌 之梦后 ， 计划 以 一场 冰上 婚礼 见证 两人 牵手 18 年 的 深情 ， “ 冰上 雅姿 盛典 ” 正式 创立 。,年  人物二  人物一 温哥华 圆 奥运金牌 之梦后  计划 一场 冰上 婚礼 见证 两人 牵手  年 深情   冰上 雅姿 盛典  正式 创立,1
TRAIN_SENT_ID_287139,,高城沙耶,高城壮一郎,人物 出处 : 高城百合子 ， 高城壮一郎 之妻 ， 高城沙耶 的 母亲 ， 曾 是 华尔街 无人不知 的 超级 商人 ， 休假 回国 时 与 壮一郎 认识 第二天 就 结婚 。,人物 出处  高城百合子  人物二 之妻  人物一 母亲  华尔街 无人不知 超级 商人  休假 回国 时 壮一郎 认识 第二天 结婚,-1
TRAIN_SENT_ID_272918,,王岳伦,王诗龄,2013 年 ， 王岳伦 携 女儿 王诗龄 一起 参加 湖南卫视 亲子 真人秀 节目 《 爸爸 去 哪儿 》 。,年  人物一 携 女儿 人物二 一起 参加 湖南卫视 亲子 真人秀 节目  爸爸,-1
TRAIN_SENT_ID_258303,,陈建斌,蒋勤勤,《 乔家大院 》 让 陈建斌 和 蒋勤勤 走到 了 一起 并 闪电 般的 结婚 、 生子 ， 让 人 猝不及防 。,乔家大院  人物一 人物二 走到 一起 闪电 结婚  生子  猝不及防,1
TRAIN_SENT_ID_272307,,金正恩,金正日,2011 年 12 月 17 日 ， 金正日 去世 ， 金正恩 接任 朝鲜 最高 领导人 （ 朝鲜劳动党 总书记 ） 。,年  月  日  人物二 去世  人物一 接任 朝鲜 最高 领导人  朝鲜劳动党 总书记,-1
TRAIN_SENT_ID_279311,,王逸宸,刘纯燕,刘纯燕 女儿 王逸宸 : 1999 年 夏天 ， 刘纯燕 生 下 一个 女儿 ， 取名为 王逸宸 ， 小名 娃娃 。,人物二 女儿 人物一   年 夏天  人物二 生 一个 女儿  取名为 人物一  小名 娃娃,-1
TRAIN_SENT_ID_254204,,邢夫人,贾赦,【 邢夫人 】 贾赦 之妻 ， 只知 一味 顺从 丈夫 ， 不明 事理 ， 耳根 软 ，,人物一  人物二 之妻  只知 一味 顺从 丈夫  不明 事理  耳根 软,1
TRAIN_SENT_ID_277777,,晋陵公主,谢混,谢混 死后 ， 其妻 晋陵公主 也 被迫 与 谢家 离婚 。,人物二 死后  其妻 人物一 被迫 谢家 离婚,1
TRAIN_SENT_ID_275944,,黄日华,黄芷晴,1988 年 12 月 7 日 与 黄日华 结婚 ， 1990 年 5 月 2 日生 下 女儿 黄芷晴 ， 婚后 息影 转 作 保险经纪 ， 现为 保险公司 的 高级经理 人员 。,年  月  日 人物一 结婚   年  月  日生 女儿 人物二  婚后 息影 转 作 保险经纪  现为 保险公司 高级经理 人员,-1
TRAIN_SENT_ID_263571,,欧阳娣娣,傅娟,小女儿 ： 欧阳娣娣 （ 生日 ： 2004 年 7 月 30 日 ） 狮子座 欧阳龙 家庭 故事 : 欧阳龙 、 傅娟 — — 来之不易 的 三个 女儿,小女儿  人物一  生日   年  月  日  狮子座 欧阳龙 家庭 故事  欧阳龙  人物二   来之不易 三个 女儿,-1
TRAIN_SENT_ID_270219,,谭江柏,谭咏麟,3 月 16 日 ： 谭江柏 ， 谭咏麟 父亲,月  日  人物一  人物二 父亲,-1
TRAIN_SENT_ID_283968,,王逸宸,王宁,王宁 个人 生活 : 两人 相识 相恋 于 大学校园 ， 1988 年 结婚 ， 为了 不 影响 工作 ， 所以 十年 后 才 有 了 女儿 王逸宸 。,人物二 个人 生活  两人 相识 相恋 大学校园   年 结婚  影响 工作  十年 女儿 人物一,-1
TRAIN_SENT_ID_282582,,林于超,林依晨,林依晨 个人 情感 : 2014 年 10 月 29 日 下午 ， 林依晨 在 台北 举办 与 林于超 的 订 订婚 喜宴 ( 5 张 ),人物二 个人 情感   年  月  日 下午  人物二 台北 举办 人物一 订 订婚 喜宴   张,1
TRAIN_SENT_ID_276620,,韩寒,金丽华,金丽华 韩寒 态度 : 2010 年 6 月 ， 韩寒 出席 某 活动 时 ， 曾 辟谣 过 一次 关于 “ 5 月 小 长假 结婚 ” 的 传闻 。,人物二 人物一 态度   年  月  人物一 出席 活动 时  辟谣 一次   月 长假 结婚  传闻,1
TRAIN_SENT_ID_264766,,张欣,潘石屹,1995 年 ， 潘石屹 与 妻子 张欣 共同 创立 了 SOHO 中国 有限公司 。,年  人物二 妻子 人物一 共同 创立  中国 有限公司,1
TRAIN_SENT_ID_256034,,蒋介石,宋美龄,宋美龄 与 蒋介石 举行 婚礼 时 已 年整 30 岁 ， 此前 她 是否 有 如痴如梦 的 初恋 ？,人物二 人物一 举行 婚礼 时 年整  岁  此前 是否 如痴如梦 初恋,1
TRAIN_SENT_ID_267397,,许志安,郑秀文,婚礼 由 李静 、 戴军 主持 ， 证婚人 是 骄阳 影业 总裁 徐小明 ， 好友 郑秀文 、 许志安 、 拉姑 、 梁汉文 、 韩红 等 参加 婚礼 。,婚礼 李静  戴军 主持  证婚人 骄阳 影业 总裁 徐小明  好友 人物二  人物一  拉姑  梁汉文  韩红 参加 婚礼,1
TRAIN_SENT_ID_273939,,江冬秀,胡适,胡适 与 江冬秀 之间 的 结合 纯粹 是 一桩 封建 式 的 包办婚姻 ， 因而 婚后 并 不 幸福 。,人物二 人物一 之间 结合 纯粹 一桩 封建 式 包办婚姻  婚后 幸福,1
TRAIN_SENT_ID_271069,,彭丽媛,习近平,习近平 主席 和 夫人 彭丽媛 身着 中式服装 ， 出席 威廉 - 亚历山大 国王 举行 的 盛大 国宴 。,人物二 主席 夫人 人物一 身着 中式服装  出席 威廉  亚历山大 国王 举行 盛大 国宴,1
TRAIN_SENT_ID_282065,,李度仑,李昌镐,婚礼 上 ， 李昌镐 和 李度仑 透露 ， 他们 将 去 日本 的 小松市 度过 新婚旅行 ， 时间 为 3 天 4 夜 。,婚礼  人物二 人物一 透露  日本 小松市 度过 新婚旅行  时间  天  夜,1
TRAIN_SENT_ID_263838,,刘嘉玲,梁朝伟,明星 梁朝伟 、 刘嘉玲 与众不同 地 跑 到 山国 不丹 举行 婚礼 ， 而且 耗资 3500 万 人民币 ， 创下 今年 最新 纪录 。,明星 人物二  人物一 与众不同 跑 山国 不丹 举行 婚礼  耗资  万 人民币  创下 今年 最新 纪录,1
TRAIN_SENT_ID_279620,,晏紫,李圣根,在 随后 的 接触 中 ， 李圣根 的 修养 、 浪漫 彻底 征服 了 晏紫 ， 两人 在 2009 年 下半年 终于 步入 婚姻 的 殿堂 。,接触 中  人物二 修养  浪漫 彻底 征服 人物一  两人  年 下半年 终于 步入 婚姻 殿堂,1
TRAIN_SENT_ID_284406,,国仲凉子,向井理,个人 生活 : 2014 年 12 月 28 日 ， 向井理 与 女演员 国仲凉子 正式 登记 结婚 。,个人 生活   年  月  日  人物二 女演员 人物一 正式 登记 结婚,1
TRAIN_SENT_ID_255756,,蒋介石,宋美龄,美龄宫 系 蒋介石 及其 夫人 宋美龄 下榻 的 别墅 ， 正式 名称 是 “ 国民政府 主席 官邸 ” 。,美龄宫 系 人物一 夫人 人物二 下榻 别墅  正式 名称  国民政府 主席 官邸,1
TRAIN_SENT_ID_253708,,申雪,赵宏博,申雪 结婚 : 2007 年 05 月 28 日 她 和 赵宏博 在 北京市 海淀区 民政局 登记 结婚 。,人物一 结婚   年  月  日 人物二 北京市 海淀区 民政局 登记 结婚,1
TRAIN_SENT_ID_255997,,蒋介石,宋美龄,蒋介石 心细如发 ， 唯恐 经 国 婚礼 太过 张扬 引起 宋美龄 不悦 ， 故 私下 命 王世和 回乡 操办 杂务 ， 并 要 毛福梅 单独 主婚 ， 自己 则 隐身 幕后 。,人物一 心细如发  唯恐 国 婚礼 太过 张扬 引起 人物二 不悦  私下 命 王世和 回乡 操办 杂务  毛福梅 单独 主婚  隐身 幕后,1
TRAIN_SENT_ID_283279,,赵文卓,张丹露,社会活动 : 赵文卓 携 夫人 张丹露 来到 了 重庆市 巫溪县 巫溪 中学 老 校区 探访 ， 夫妇 两人 为此 地区 的 贫困学生 捐资助学 基金 10 万元 。,社会活动  人物一 携 夫人 人物二 来到 重庆市 巫溪县 巫溪 中学 老 校区 探访  夫妇 两人 地区 贫困学生 捐资助学 基金  万元,1
TRAIN_SENT_ID_266458,,严世蕃,严嵩,胡宗宪 含冤而死 : 嘉靖 四十一年 （ 公元 1562 年 ） 五月 ， 内阁 首辅 严嵩 被 罢官 ， 其子 严世蕃 被 逮 。,胡宗宪 含冤而死  嘉靖 四十一年  公元  年  五月  内阁 首辅 人物二 罢官  其子 人物一 逮,-1
TRAIN_SENT_ID_273862,,范柳原,白流苏,其实 ， 白流苏 已经 28 岁 ， 离婚 数年 ， 很 愿意 嫁给 范柳原 作为 终身 依靠 。,其实  人物二 已经  岁  离婚 数年  愿意 嫁给 人物一 终身 依靠,1
TRAIN_SENT_ID_278511,,李秀文,叶挺,经过 反复 考虑 ， 临行 前 ， 叶挺 终于 忍不住 向 李秀文 求婚 了 。,反复 考虑  临行 前  人物二 终于 忍不住 人物一 求婚,1
TRAIN_SENT_ID_283516,,许誉卿,王微,许誉卿 事件 : 许誉卿 石刻像 许誉卿 曾 娶 “ 秦淮 八艳 ” 之一 的 王微 为妻 。,人物一 事件  人物一 石刻像 人物一 娶  秦淮 八艳  人物二 为妻,1
TRAIN_SENT_ID_285502,,刘明轩,王傲山,2008 年 ， Marcus 被 曝 与 李彩华 恋爱 ， 两年 后 宣布 分手 ， 之后 王傲山 同美 女主播 刘明轩 相恋 。,年   曝 李彩华 恋爱  两年 宣布 分手  之后 人物二 同美 女主播 人物一 相恋,1
TRAIN_SENT_ID_265627,,袁泉,夏雨,对于 自己 与 袁泉 的 爱情 ， 夏雨 透露 ： “ 目前 我们 已经 28 岁 了 ， 我 与 袁泉 的 爱情 正向 婚姻 发展 ， 也 是 该 考虑 成家 的 时候 了 。,人物一 爱情  人物二 透露   目前 已经  岁  人物一 爱情 正向 婚姻 发展  考虑 成家,1
TRAIN_SENT_ID_279346,,石青璇,徐子陵,徐子陵 和 寇仲 完成 大业 之后 ， 向 石青璇 求婚 ， 获得 佳人 首肯 ， 终于 有情人终成眷属 ， 执子之手 、 与子偕老 。,人物二 寇仲 完成 大业 之后  人物一 求婚  获得 佳人 首肯  终于 有情人终成眷属  执子之手  与子偕老,1
TRAIN_SENT_ID_256788,,朱军,谭梅,《 夫妻 剧场 · 朱军 、 谭梅 夫妇 》,夫妻 剧场  人物一  人物二 夫妇,1
TRAIN_SENT_ID_252229,,秦嘉,徐淑,秦嘉 、 徐淑 夫妇 恩爱 ， 都 能 诗文 。,人物一  人物二 夫妇 恩爱  诗文,1
TRAIN_SENT_ID_258286,,陈建斌,蒋勤勤,重要 事件 : 2005 年底 ， 卓伟 去 了 《 新 京报 》 ， 狗 仔 不 丢人 很快 挖到 了 演员 陈建斌 和 蒋勤勤 恋爱 的 独家新闻 。,重要 事件   年底  卓伟  新 京报   狗 仔 丢人 很快 挖到 演员 人物一 人物二 恋爱 独家新闻,1
TRAIN_SENT_ID_272310,,金正恩,金正日,金正恩 成为 接班人 : 2009 年 3 月 8 日 ， 金正恩 成为 朝鲜 最高 人民 会议 候选人 ， 被 认为 是 金正日 对 朝鲜 政治 权力 移交 作 准备 。,人物一 成为 接班人   年  月  日  人物一 成为 朝鲜 最高 人民 会议 候选人  认为 人物二 朝鲜 政治 权力 移交 作 准备,-1
TRAIN_SENT_ID_286691,,张志凯,俞正声,张志凯 家庭 信息 : 丈夫 ： 俞正声 （ 中国共产党 中央政治局常委 ）,人物一 家庭 信息  丈夫  人物二  中国共产党 中央政治局常委,1
TRAIN_SENT_ID_285265,,丁肇中,丁观海,归国 后 ， 由 丁维 汾 介绍 ， 与 丁观海 结婚 ， 生子 丁肇中 。,归国  丁维 汾 介绍  人物二 结婚  生子 人物一,-1
TRAIN_SENT_ID_285573,,韩瑜,孙协志,2011 年 4 月底 ， 孙协志 向 女友 韩瑜 求婚 成功 。,年  月底  人物二 女友 人物一 求婚 成功,1
TRAIN_SENT_ID_284152,,王嘉莉,王力宏,王嘉莉 人物 生活 : 2014 年 7 月 10 日 下午 14 点 11 分 ， 王力宏 在 微博 报喜 ， 女儿 出生 。,人物一 人物 生活   年  月  日 下午  点  分  人物二 微博 报喜  女儿 出生,-1
TRAIN_SENT_ID_284186,,袁剑伟,林嘉欣,2010 年 与 导演 袁剑伟 在 加拿大 注册 结婚 ， 同年 10 月 林嘉欣 在 加拿大 温哥华 诞下 女儿 Kayla ， 婚姻生活 幸福美满 。,年 导演 人物一 加拿大 注册 结婚  同年  月 人物二 加拿大 温哥华 诞下 女儿   婚姻生活 幸福美满,1
TRAIN_SENT_ID_252107,,黄毅清,黄奕,事实上 ， 黄奕 前夫 黄毅清 就 在 微博 发表 长文 《 爱 ， 不 只是 依赖 》 ， 透露 已 做好 离婚 准备 。,事实上  人物二 前夫 人物一 微博 发表 长文  爱  依赖   透露 做好 离婚 准备,1
TRAIN_SENT_ID_284687,,丁芯,赵宝刚,赵宝刚 承认 对 妻子 一见钟情 ， 一年 多 之后 两人 重逢 ， 几个 月 之后 赵宝刚 和 丁芯 “ 闪婚 ” 。,人物二 承认 妻子 一见钟情  一年 之后 两人 重逢  几个 月 之后 人物二 人物一  闪婚,1
TRAIN_SENT_ID_276593,,韩寒,金丽华,接着 ， 在 某 BBS 中 ， 又 有 网友 爆料 韩寒 和 女友 金丽华 在 5 月 已经 奉子成婚 ， 11 月 17 日 ， 金丽华 在 美华 医院 产下 一女 。,中  网友 爆料 人物一 女友 人物二  月 已经 奉子成婚   月  日  人物二 美华 医院 产下 一女,1
TRAIN_SENT_ID_275583,,吴霜,吴祖光,在 《 “ 国贸 ” 案 结束 感言 》 中 ， 吴祖光 回忆 道 ， 1995 年 5 月 12 日 下午 两点 ， 吴祖光 带 着 小女儿 吴霜 走 到 朝阳区 法院 出席 最后 庭审 。,国贸  案 结束 感言  中  人物二 回忆 道   年  月  日 下午 两点  人物二 带 小女儿 人物一 走 朝阳区 法院 出席 最后 庭审,-1
TRAIN_SENT_ID_282734,,文伽昊,文强,文伽昊 给 文强 收 骨灰 : 2010 年 7 月 7 日 上午 11 点 ， 他们 从 朋友 的 电话 里 得知 文强 已经 被 执行 的 消息 。,人物一 人物二 收 骨灰   年  月  日 上午  点  朋友 电话 里 得知 人物二 已经 执行 消息,-1
TRAIN_SENT_ID_267470,,宋霭龄,孔祥熙,宋霭龄 墓 人物 : 宋霭龄 （ 1889 年 7 月 15 日 － 1973 年 10 月 19 日 ） ， 孔祥熙 夫人 ， 原籍 文昌 （ 今属 海南 ） ， 生于 上海 。,人物一 墓 人物  人物一   年  月  日   年  月  日   人物二 夫人  原籍 文昌  今属 海南   生于 上海,1
TRAIN_SENT_ID_284650,,李燃,郭涛,郭涛 个人 生活 : 2006 年 与 妻子 李燃 结婚 ， 2007 年 2 月 6 日 儿子 郭子睿 出生 ， 小名 ” 石头 “ 生活照 ( 10 张 ),人物二 个人 生活   年 妻子 人物一 结婚   年  月  日 儿子 郭子睿 出生  小名  石头  生活照   张,1
TRAIN_SENT_ID_282950,,王晓蓉,王中磊,补办 婚礼 : 2014 年 8 月 30 日 ， 娱乐圈 大佬 、 华谊 兄弟 总裁 王中磊 在 结婚 20 周年 纪念日 上 与 妻子 王晓蓉 补办 婚礼 。,补办 婚礼   年  月  日  娱乐圈 大佬  华谊 兄弟 总裁 人物二 结婚  周年 纪念日 妻子 人物一 补办 婚礼,1
TRAIN_SENT_ID_282956,,王晓蓉,王中磊,2014 年 8 月 30 日 ， 娱乐圈 大佬 、 华谊 兄弟 总裁 王中磊 在 结婚 20 周年 纪念日 上 与 妻子 王晓蓉 补办 婚礼 。,年  月  日  娱乐圈 大佬  华谊 兄弟 总裁 人物二 结婚  周年 纪念日 妻子 人物一 补办 婚礼,1
TRAIN_SENT_ID_284647,,李燃,郭涛,2014 年 1 月 15 日 ， 郭涛 携 妻子 李燃 、 儿子 郭子睿 出席 年度 网络 盛宴 “ 2013 新浪 微博之夜 ” 。,年  月  日  人物二 携 妻子 人物一  儿子 郭子睿 出席 年度 网络 盛宴   新浪 微博之夜,1
TRAIN_SENT_ID_261487,,谢依纯,马国毕,结婚 : 马国毕 跟 谢依纯 2010 年 8 月 2 日 才刚 订婚 。,结婚  人物二 人物一  年  月  日 才刚 订婚,1
TRAIN_SENT_ID_267628,,金正恩,李雪主,8 金正恩 专机 : 据 朝鲜 《 劳动新闻 》 报道 ， 金正恩 携 夫人 李雪主 观看 朝鲜 空军 指挥官 飞行技术 大赛 ， 两人 搭乘 专机 前往 大赛 现场 。,人物一 专机  朝鲜  劳动新闻  报道  人物一 携 夫人 人物二 观看 朝鲜 空军 指挥官 飞行技术 大赛  两人 搭乘 专机 前往 大赛 现场,1
TRAIN_SENT_ID_268213,,王小利,李琳,当年 王小利 还 在 长春 和平 大戏院 驻场 时 就 和 前任 妻子 分手 了 ， 经人介绍 认识 了 身 在 辽宁 的 李琳 。,当年 人物一 长春 和平 大戏院 驻场 时 前任 妻子 分手  经人介绍 认识 身 辽宁 人物二,1
TRAIN_SENT_ID_277544,,柴绍,平阳公主,同年 柴绍 的 妻子 平阳公主 去世 。,同年 人物一 妻子 人物二 去世,1
TRAIN_SENT_ID_275937,,黄日华,黄芷晴,梁洁华 个人 生活 : 1988 年 12 月 7 日 与 黄日华 结婚 ， 1990 年 5 月 2 日生 下 女儿 黄芷晴 ， 婚后 息影 转 作 保险经纪 。,梁洁华 个人 生活   年  月  日 人物一 结婚   年  月  日生 女儿 人物二  婚后 息影 转 作 保险经纪,-1
TRAIN_SENT_ID_285501,,刘明轩,王傲山,刘明轩 ， 女 ， 35 岁 ， 于 2013 年 1 月 7 日 与 34 岁 金融 才俊 王傲山 结婚 ， 在 九 刘明轩 结婚 ( 5 张 ),人物一  女   岁   年  月  日  岁 金融 才俊 人物二 结婚  九 人物一 结婚   张,1
TRAIN_SENT_ID_262136,,刘翔,葛天,2014 年 5 月 ， 葛天 与 刘翔 恋爱 ， 同年 9 月 8 日 ， 与 刘翔 在 上海市 民政局 婚姻登记 处 领取 了 结婚证 。,年  月  人物二 人物一 恋爱  同年  月  日  人物一 上海市 民政局 婚姻登记 处 领取 结婚证,1
TRAIN_SENT_ID_249805,,张承中,任家萱,2011 年 10 月 31 日 ， 任家萱 与 张承中 在 台北市 喜来登 饭店 举行 婚礼 ； 12 月 16 日 ， 任家萱 回到 张承中 的 家乡 彰化县 宴客 。,年  月  日  人物二 人物一 台北市 喜来登 饭店 举行 婚礼   月  日  人物二 回到 人物一 家乡 彰化县 宴客,1
TRAIN_SENT_ID_258448,,张兆和,沈从文,从 二十世纪 三十 年代 沈从文 和 张兆和 二人 初识 的 一场 恋爱 风波 开始 ， 到 新婚 初别 ， 乃至 到 “ 文革 ” 前夕 为止 ， 横亘 三十余年 。,二十世纪 三十 年代 人物二 人物一 二人 初识 一场 恋爱 风波  新婚 初别   文革  前夕  横亘 三十余年,1
TRAIN_SENT_ID_261452,,莫绍谦,慕咏飞,其后 十年 ， 莫绍谦 极力 要求 与 慕咏飞 离婚 ， 两人 关系 势同 水火 ， 婚姻 早已 名存实亡 。,其后 十年  人物一 极力 要求 人物二 离婚  两人 关系 势同 水火  婚姻 早已 名存实亡,1
TRAIN_SENT_ID_249806,,张承中,任家萱,2016 年 3 月 4 日 ， 任家萱 在 社交 网站 Facebook 宣布 与 张承中 离婚 ， 4 月 27 日 任家萱 与 张承中 办理 离婚 手续 。,年  月  日  人物二 社交 网站  宣布 人物一 离婚   月  日 人物二 人物一 办理 离婚 手续,1
TRAIN_SENT_ID_276591,,韩寒,金丽华,2012 年 11 月 4 日 韩寒 获得 中国 房车 锦标赛 年度 总冠军 ， 其 妻子 金丽华 来到 赛场 ， 疑似 韩寒 女儿 的 一名 女童 现身 ， 引发 热烈 关注 。,年  月  日 人物一 获得 中国 房车 锦标赛 年度 总冠军  妻子 人物二 来到 赛场  疑似 人物一 女儿 一名 女童 现身  引发 热烈 关注,1
TRAIN_SENT_ID_265048,,李铭顺,范文芳,范文芳 个人 生活 : 2009 年 9 月 范文芳 与 演员 李铭顺 在 新加坡 香格里拉酒店 举行 婚礼 ； 2014 年 3 月 正式 宣布 怀孕 。,人物二 个人 生活   年  月 人物二 演员 人物一 新加坡 香格里拉酒店 举行 婚礼   年  月 正式 宣布 怀孕,1
TRAIN_SENT_ID_260064,,齐良迟,齐白石,另据 齐良迟 介绍 ， 由 北京画院 筹办 的 “ 北京 齐白石 现代 艺术 中心 ” 受到 北京市委 领导 的 重视 和 支持 ， 目前 正在 长安街 上 选址 。,另据 人物一 介绍  北京画院 筹办  北京 人物二 现代 艺术 中心  北京市委 领导 重视 支持  目前 正在 长安街 选址,-1
TRAIN_SENT_ID_284574,,孔原,许明,邓小平 与 卓琳 的 婚礼 在 杨家岭 毛泽东 的 窑洞 前 举行 ， 同时 举行 婚礼 的 还有 中央军委 总政治部 组织部长 孔原 和 许明 。,邓小平 卓琳 婚礼 杨家岭 毛泽东 窑洞 前 举行  举行 婚礼 中央军委 总政治部 组织部长 人物一 人物二,1
TRAIN_SENT_ID_248898,,窦滔,苏蕙,亦 晋 窦滔 妻 苏蕙 。,晋 人物一 妻 人物二,1
TRAIN_SENT_ID_260538,,严嵩,严世蕃,嘉靖 四十一年 （ 1562 年 ） ， 严党 被 劾 ， 严嵩 削职 ， 严世蕃 处死 ， 沈炼 一案 才 得以 昭雪 。,嘉靖 四十一年   年   严党 劾  人物一 削职  人物二 处死  沈炼 一案 得以 昭雪,-1
TRAIN_SENT_ID_271142,,彭丽媛,习近平,习近平 主席 偕 夫人 彭丽媛 ， 和 中央电视台 工作人员 一行 超过 百 人 此次 出访 选择 下榻 位于 坦 首都 达累斯萨拉姆 市中心 的 塞雷纳 酒店 。,人物二 主席 偕 夫人 人物一  中央电视台 工作人员 一行 超过 百 出访 选择 下榻 位于 坦 首都 达累斯萨拉姆 市中心 塞雷纳 酒店,1
TRAIN_SENT_ID_259000,,王熙凤,贾琏,简介 ： 王熙凤 是 贾琏 之妻 ， 王夫人 的 内侄女 。,简介  人物一 人物二 之妻  王夫人 内侄女,1
TRAIN_SENT_ID_258977,,王熙凤,贾琏,王熙凤 - - - - 贾琏 之妻 ， 王夫人 的 内侄女 。,人物一     人物二 之妻  王夫人 内侄女,1
TRAIN_SENT_ID_278413,,夏正松,于靓,2011 年 1 月 22 日 在 安徽 卫视 首播 的 都市 言情剧 《 夏 家三 千金 》 中 饰演 夏正松 的 妻子 于靓 ， 也 是 夏 家三 千金 的 母亲 。,年  月  日 安徽 卫视 首播 都市 言情剧  夏 家三 千金  中 饰演 人物一 妻子 人物二  夏 家三 千金 母亲,1
TRAIN_SENT_ID_274543,,薛丁山,薛仁贵,它 的 主要 情节 是 ， 唐初名 将 薛仁贵 投军 后 ， 妻子 柳 迎春 生子 薛丁山 。,主要 情节  唐初名 人物二 投军  妻子 柳 迎春 生子 人物一,-1
TRAIN_SENT_ID_277914,,霍中曦,郭晶晶,此后 ， 郭晶晶 坚持 母乳喂养 ， 霍启刚 与 儿子 霍中曦 合影 为了 给 宝宝 更 多 的 活动 空间 ， 还 专门 搬离 了 霍家 大宅 。,此后  人物二 坚持 母乳喂养  霍启刚 儿子 人物一 合影 宝宝 更 活动 空间  专门 搬离 霍家 大宅,-1
TRAIN_SENT_ID_281403,,钱学森,钱永刚,1955 年 9 月 17 日 ， 钱学森 向 导师 冯 卡门 告别 之后 ， 带 着 妻子 蒋英 及 幼儿 钱永刚 、 幼女 钱永真 登上 了 克利夫兰 总统 号 轮船 启程 回国 。,年  月  日  人物一 导师 冯 卡门 告别 之后  带 妻子 蒋英 幼儿 人物二  幼女 钱永真 登上 克利夫兰 总统 号 轮船 启程 回国,-1
TRAIN_SENT_ID_284091,,郝治平,罗瑞卿,罗瑞卿 将军 及 夫人 郝治平 与 林如高 父子 合影,人物二 将军 夫人 人物一 林如高 父子 合影,1
TRAIN_SENT_ID_255855,,蒋介石,宋美龄,晚年 的 蒋介石 与 妻子 宋美龄,晚年 人物一 妻子 人物二,1
TRAIN_SENT_ID_262299,,汪精卫,陈璧君,汉奸 汪精卫 之妻 陈璧君,汉奸 人物一 之妻 人物二,1
TRAIN_SENT_ID_278400,,夏正松,于靓,夏正松 和 于靓 结婚 20 多年 ， 抱养 了 大 女儿 友善 ， 生育 了 小女儿 天美 ， 和睦 的 家庭 。,人物一 人物二 结婚  多年  抱养 女儿 友善  生育 小女儿 天美  和睦 家庭,1
TRAIN_SENT_ID_284328,,王书麒,许秋怡,王书麒 的 妻子 是 歌星 许秋怡 ， 两人育 有 一子 。,人物一 妻子 歌星 人物二  两人育 一子,1
TRAIN_SENT_ID_261312,,朱兆祥,胡静,马来西亚 首富 朱兆祥 之妻 大陆 女艺人 胡静 。,马来西亚 首富 人物一 之妻 大陆 女艺人 人物二,1
TRAIN_SENT_ID_266731,,郭登峰,郭美美,微博炫富 事件 母女 专访 : “ 郭美美 事件 ” 事发 一个多月 后 ， 郭美美 及其 母亲 郭登峰 终于 公开 露面 ， 解释 事件 的 来龙去脉 。,微博炫富 事件 母女 专访   人物二 事件  事发 一个多月  人物二 母亲 人物一 终于 公开 露面  解释 事件 来龙去脉,-1
TRAIN_SENT_ID_283259,,王大治,戴露,董洁 与 王大治 的 激吻 视频 遭 曝光 ， 一时 激起 舆论 的 千层浪 ， 有 不少 网友 也 为 王大治 的 妻子 戴露 鸣不平 。,董洁 人物一 激吻 视频 遭 曝光  一时 激起 舆论 千层浪  不少 网友 人物一 妻子 人物二 鸣不平,1
TRAIN_SENT_ID_263895,,刘嘉玲,梁朝伟,比婚 女 刘嘉玲 : 刘嘉玲 和 梁朝伟 两人 举办 婚礼 远 赴 不丹 ， 举行 的 是 王室 式 婚礼 ， 除了 不丹 国王 证婚 外 ， 约 有 20 名 喇嘛 僧侣 诵经 。,比婚 女 人物一  人物一 人物二 两人 举办 婚礼 远 赴 不丹  举行 王室 式 婚礼  不丹 国王 证婚 外  约  名 喇嘛 僧侣 诵经,1
TRAIN_SENT_ID_263813,,刘嘉玲,梁朝伟,刘嘉玲 : 刘嘉玲 和 梁朝伟 两人 举办 婚礼 远 赴 不丹 ， 举行 的 是 王室 式 婚礼 ， 除了 不丹 国王 证婚 外 ， 约 有 20 名 喇嘛 僧侣 诵经 。,人物一  人物一 人物二 两人 举办 婚礼 远 赴 不丹  举行 王室 式 婚礼  不丹 国王 证婚 外  约  名 喇嘛 僧侣 诵经,1
TRAIN_SENT_ID_251488,,谢贤,谢霆锋,首期 节目 由 谢霆锋 和 父亲 谢贤 搭档 ， 而 接下来 的 11 期 节目 中 ， 谢霆锋 将 邀请 圈内 好友 完成 “ 环球 美食 之旅 ” 。,首期 节目 人物二 父亲 人物一 搭档  接下来  期 节目 中  人物二 邀请 圈内 好友 完成  环球 美食 之旅,-1
TRAIN_SENT_ID_271635,,毛岸青,毛泽东,1920 年末 毛泽东 同 杨开慧 已经 结婚 ， 至 1923 年 12 月 已 生下 毛岸英 、 毛岸青 两个 儿子 。,年末 人物二 杨开慧 已经 结婚   年  月 生下 毛岸英  人物一 两个 儿子,-1
TRAIN_SENT_ID_286407,,陈慧珊,钟家鸿,陈慧珊 个人 生活 : 陈慧珊 2006 年 与 经理人 钟家鸿 在 美国 秘婚 ， 2007 年 怀孕 后 宣布 息影 ， 育有 一 女儿 钟律然 。,人物一 个人 生活  人物一  年 经理人 人物二 美国 秘婚   年 怀孕 宣布 息影  育有 女儿 钟律然,1
TRAIN_SENT_ID_278370,,周韵,姜文,周韵 与 姜文 于 2005 年 注册 结婚 [ 9 - 10 ] ， 婚后 诞下 两个 儿子 。,人物一 人物二  年 注册 结婚       婚后 诞下 两个 儿子,1
TRAIN_SENT_ID_281923,,贺捷生,贺龙,1978 年 和 贺龙 的 女儿 贺捷生 结婚 ， 当时 他 有 6 个 孩子 ， 贺捷生 也 有 2 个 孩子 ， 两人 都 是 再婚 。,年 人物二 女儿 人物一 结婚  当时  孩子  人物一  孩子  两人 再婚,-1
TRAIN_SENT_ID_271119,,彭丽媛,习近平,作为 中国 国家 主席 习近平 妻子 的 彭丽媛 ， 也 在 自己 关注 的 公共 健康 领域 和 慈善 领域 做出 了 切实 的 贡献 。,中国 国家 主席 人物二 妻子 人物一  关注 公共 健康 领域 慈善 领域 做出 切实 贡献,1
TRAIN_SENT_ID_252193,,秦嘉,徐淑,试看 秦嘉 妻子 徐淑 的 《 答 秦嘉 诗 》 ： 妾 身 兮 不令 ， 婴疾兮来 归 。,试看 人物一 妻子 人物二  答 人物一 诗   妾 身 不令  婴疾兮来,1
TRAIN_SENT_ID_287239,,舒悦,张宇峰,舒悦 在 2014 年 参加 文化 主题 之夜 节目 里 自 曝 追求 爱妻 张宇峰 过程 ， 并 现场 传授 恋爱 秘籍 ， 堪称 一代 “ 情场 高手 ” 。,人物一  年 参加 文化 主题 之夜 节目 里 曝 追求 爱妻 人物二 过程  现场 传授 恋爱 秘籍  堪称 一代  情场 高手,1
TRAIN_SENT_ID_266594,,许晋亨,李嘉欣,2011 年 2 月 8 日 ， 41 岁 香港 女艺人 李嘉欣 ， 于 香港 养 和 医院 产下 她 与 许晋亨 的 儿子 。,年  月  日   岁 香港 女艺人 人物二  香港 养 医院 产下 人物一 儿子,1
TRAIN_SENT_ID_267289,,陆毅,鲍蕾,2006 年 陆毅 与 鲍蕾 结婚 ， 2008 年 两人 的 女儿 出生 。,年 人物一 人物二 结婚   年 两人 女儿 出生,1
TRAIN_SENT_ID_254102,,霍启刚,郭晶晶,霍启刚 举行 婚礼 : 2012 年 11 月 10 日 ， 霍启刚 和 郭晶晶 在 广州 南沙 举行 婚宴 。,人物一 举行 婚礼   年  月  日  人物一 人物二 广州 南沙 举行 婚宴,1
TRAIN_SENT_ID_269530,,冯小刚,冯思羽,1 人物 经历 : 冯思羽 年龄 ： 23 周岁 ， 冯小刚 曾离 过 一次 婚 ， 他 与 前妻 张女士 于 1990 年 9 月 28 日生 下 一个 女儿 ， 取名为 冯思语 。,人物 经历  人物二 年龄   周岁  人物一 曾离 一次 婚  前妻 张女士  年  月  日生 一个 女儿  取名为 冯思语,-1
TRAIN_SENT_ID_281865,,张末,张艺谋,2006 年 5 月 ， 托 维和 张末 的 婚礼 在 洛杉矶 举行 ， 张艺谋 赴美 参加 了 女儿 的 婚礼 ， 而且 还 成为 了 张末 结婚 的 主婚人 。,年  月  托 维和 人物一 婚礼 洛杉矶 举行  人物二 赴美 参加 女儿 婚礼  成为 人物一 结婚 主婚人,-1
TRAIN_SENT_ID_282062,,李度仑,李昌镐,2010 年 10 月 28 日 ， 35 岁 的 李昌镐 与 24 岁 的 网站 女 记者 李度仑 结婚 ， 2012 年 3 月 8 日生 一 女儿 。,年  月  日   岁 人物二  岁 网站 女 记者 人物一 结婚   年  月  日生 女儿,1
TRAIN_SENT_ID_249800,,张承中,任家萱,2016 年 3 月 4 日 ， 任家萱 在 社交 网站 Facebook 宣布 与 张承中 离婚 ， 4 月 27 日 ， 任家萱 与 张承中 办理 离婚 手续 。,年  月  日  人物二 社交 网站  宣布 人物一 离婚   月  日  人物二 人物一 办理 离婚 手续,1
TRAIN_SENT_ID_274434,,仲满,武宗文,仲 明说 他 特别 想念 儿子 ， 他 还 透露 说 今年 9 月 19 日 ， 将 是 儿子 仲满 和 儿媳 武宗文 举办 婚礼 的 大 好日子 。,仲 明说 特别 想念 儿子  透露 说 今年  月  日  儿子 人物一 儿媳 人物二 举办 婚礼 好日子,1
TRAIN_SENT_ID_278530,,李秀文,叶挺,1923 年 8 月 ， 对 国民党 军队 失望 的 叶挺 在 好友 李章达 家 结识 了 后来 成为 他 妻子 的 少女 李秀文 。,年  月  国民党 军队 失望 人物二 好友 李章达 家 结识 后来 成为 妻子 少女 人物一,1
TRAIN_SENT_ID_256028,,蒋介石,宋美龄,原来 ， 卫立煌 夫妇 在 上海 举行 婚礼 的 时候 ， 正赶上 蒋介石 与 宋美龄 举行 “ 世纪 婚礼 ” ， 朱韵 珩 因此 结识 了 宋美龄 。,原来  卫立煌 夫妇 上海 举行 婚礼  正赶上 人物一 人物二 举行  世纪 婚礼   朱韵 珩 结识 人物二,1
TRAIN_SENT_ID_273912,,江冬秀,胡适,当年 有 传言 ， 说 最初 是 胡适 看 上 陆小曼 ， 因 其 无法 跟 太太 江冬秀 离婚 ， 陆小曼 才 转向 徐志摩 的 。,当年 传言  说 最初 人物二 陆小曼  无法 太太 人物一 离婚  陆小曼 转向 徐志摩,1
TRAIN_SENT_ID_284629,,张震,庄雯如,庄雯如 举行 婚礼 : 张震 庄雯如 婚礼 现场 图片 ( 3 张 ),人物二 举行 婚礼  人物一 人物二 婚礼 现场 图片   张,1
TRAIN_SENT_ID_262136,,刘翔,葛天,2014 年 5 月 ， 葛天 与 刘翔 恋爱 ， 同年 9 月 8 日 ， 与 刘翔 在 上海市 民政局 婚姻登记 处 领取 了 结婚证 。,年  月  人物二 人物一 恋爱  同年  月  日  人物一 上海市 民政局 婚姻登记 处 领取 结婚证,1
TRAIN_SENT_ID_249805,,张承中,任家萱,2011 年 10 月 31 日 ， 任家萱 与 张承中 在 台北市 喜来登 饭店 举行 婚礼 ； 12 月 16 日 ， 任家萱 回到 张承中 的 家乡 彰化县 宴客 。,年  月  日  人物二 人物一 台北市 喜来登 饭店 举行 婚礼   月  日  人物二 回到 人物一 家乡 彰化县 宴客,1
TRAIN_SENT_ID_261942,,安雯,苏越,结婚 以后 ， 安雯 和 苏越 经常 回忆 婚前 的 热恋 情景 ， 使 他们 之间 的 感情 时时 新鲜 。,结婚 以后  人物一 人物二 经常 回忆 婚前 热恋 情景  之间 感情 时时 新鲜,1
TRAIN_SENT_ID_286029,,蒋英,蒋百里,钱均夫 夫妇 希望 有个 女儿 ， 见 蒋百里 的 三 女儿 蒋英 长得 漂亮 ， 天真活泼 ， 便 恳求 蒋百里 夫妇 将 此 女 过继 给 他们 。,钱均夫 夫妇 希望 有个 女儿  见 人物二 三 女儿 人物一 长得 漂亮  天真活泼  便 恳求 人物二 夫妇 女 过继,-1
TRAIN_SENT_ID_265931,,杨绛,钱钟书,婚后 钱瑗 夫妇俩 的 婚姻生活 非常 幸福 ， 王德一 与 钱钟书 、 杨绛 夫妇 的 关系 也 非常 亲密 ， 杨绛 还 亲手 帮 王德一 理过 发 。,婚后 钱瑗 夫妇俩 婚姻生活 非常 幸福  王德一 人物二  人物一 夫妇 关系 非常 亲密  人物一 亲手 帮 王德一 理过 发,1
TRAIN_SENT_ID_261041,,岳不群,岳灵珊,2 冲灵 点滴 : 令狐冲 从小 被 岳灵珊 之 父 华山 掌门 岳不群 收养 ， 与 岳灵珊 青梅竹马 ， 两小无猜 ， 感情 甚笃 。,冲灵 点滴  令狐冲 从小 人物二 父 华山 掌门 人物一 收养  人物二 青梅竹马  两小无猜  感情 甚笃,-1
TRAIN_SENT_ID_284650,,李燃,郭涛,郭涛 个人 生活 : 2006 年 与 妻子 李燃 结婚 ， 2007 年 2 月 6 日 儿子 郭子睿 出生 ， 小名 ” 石头 “ 生活照 ( 10 张 ),人物二 个人 生活   年 妻子 人物一 结婚   年  月  日 儿子 郭子睿 出生  小名  石头  生活照   张,1
TRAIN_SENT_ID_261075,,黄汉伟,赵雅芝,赵雅芝 个人 生活 : 1975 年 ， 赵雅芝 嫁给 黄汉伟 ， 育有 两个 儿子 ， 1982 年 离婚 。,人物二 个人 生活   年  人物二 嫁给 人物一  育有 两个 儿子   年 离婚,1
TRAIN_SENT_ID_274434,,仲满,武宗文,仲 明说 他 特别 想念 儿子 ， 他 还 透露 说 今年 9 月 19 日 ， 将 是 儿子 仲满 和 儿媳 武宗文 举办 婚礼 的 大 好日子 。,仲 明说 特别 想念 儿子  透露 说 今年  月  日  儿子 人物一 儿媳 人物二 举办 婚礼 好日子,1
TRAIN_SENT_ID_281575,,赵雅倩,赵鑫鑫,赵鑫鑫 新婚 : 7 月 10 日 ， 24 岁 的 象棋 世界冠军 赵鑫鑫 在 家乡 浙江 温岭 登记 结婚 ， 新娘 是 天津 棋手 赵雅倩 。,人物二 新婚   月  日   岁 象棋 世界冠军 人物二 家乡 浙江 温岭 登记 结婚  新娘 天津 棋手 人物一,1
TRAIN_SENT_ID_282950,,王晓蓉,王中磊,补办 婚礼 : 2014 年 8 月 30 日 ， 娱乐圈 大佬 、 华谊 兄弟 总裁 王中磊 在 结婚 20 周年 纪念日 上 与 妻子 王晓蓉 补办 婚礼 。,补办 婚礼   年  月  日  娱乐圈 大佬  华谊 兄弟 总裁 人物二 结婚  周年 纪念日 妻子 人物一 补办 婚礼,1
TRAIN_SENT_ID_271129,,彭丽媛,习近平,会见 前 ， 习近平 和 夫人 彭丽媛 在 卡莫 纳 总统 夫妇 陪同 下 ， 专门 会见 了 特多 中学生 代表 。,会见 前  人物二 夫人 人物一 卡莫 纳 总统 夫妇 陪同  专门 会见 特多 中学生 代表,1
TRAIN_SENT_ID_284358,,唐筼,陈寅恪,陈唐 结婚 甚晚 ， 于 1928 年 在 上海 结婚 ， 陈寅恪 时 年三十 有 八 ， 唐筼 亦 三十 。,陈唐 结婚 甚晚   年 上海 结婚  人物二 时 年三十 八  人物一 三十,1
TRAIN_SENT_ID_271092,,彭丽媛,习近平,国家 主席 习近平 夫人 彭丽媛 邀请 出席 青奥会 开幕式 的 部分 外国 领导人 夫人 参观 南京博物院 。,国家 主席 人物二 夫人 人物一 邀请 出席 青奥会 开幕式 部分 外国 领导人 夫人 参观 南京博物院,1
TRAIN_SENT_ID_258448,,张兆和,沈从文,从 二十世纪 三十 年代 沈从文 和 张兆和 二人 初识 的 一场 恋爱 风波 开始 ， 到 新婚 初别 ， 乃至 到 “ 文革 ” 前夕 为止 ， 横亘 三十余年 。,二十世纪 三十 年代 人物二 人物一 二人 初识 一场 恋爱 风波  新婚 初别   文革  前夕  横亘 三十余年,1
TRAIN_SENT_ID_286881,,陈珊珊,王光亚,王光亚 1975 年 回国 ， 1 年 多 后 ， 陈珊珊 的 3 个 哥哥 凑钱 为 最小 的 妹妹 张罗 了 婚礼 。,人物二  年 回国   年  人物一  哥哥 凑钱 最小 妹妹 张罗 婚礼,1
TRAIN_SENT_ID_284647,,李燃,郭涛,2014 年 1 月 15 日 ， 郭涛 携 妻子 李燃 、 儿子 郭子睿 出席 年度 网络 盛宴 “ 2013 新浪 微博之夜 ” 。,年  月  日  人物二 携 妻子 人物一  儿子 郭子睿 出席 年度 网络 盛宴   新浪 微博之夜,1
TRAIN_SENT_ID_249800,,张承中,任家萱,2016 年 3 月 4 日 ， 任家萱 在 社交 网站 Facebook 宣布 与 张承中 离婚 ， 4 月 27 日 ， 任家萱 与 张承中 办理 离婚 手续 。,年  月  日  人物二 社交 网站  宣布 人物一 离婚   月  日  人物二 人物一 办理 离婚 手续,1
TRAIN_SENT_ID_265048,,李铭顺,范文芳,范文芳 个人 生活 : 2009 年 9 月 范文芳 与 演员 李铭顺 在 新加坡 香格里拉酒店 举行 婚礼 ； 2014 年 3 月 正式 宣布 怀孕 。,人物二 个人 生活   年  月 人物二 演员 人物一 新加坡 香格里拉酒店 举行 婚礼   年  月 正式 宣布 怀孕,1
TRAIN_SENT_ID_282956,,王晓蓉,王中磊,2014 年 8 月 30 日 ， 娱乐圈 大佬 、 华谊 兄弟 总裁 王中磊 在 结婚 20 周年 纪念日 上 与 妻子 王晓蓉 补办 婚礼 。,年  月  日  娱乐圈 大佬  华谊 兄弟 总裁 人物二 结婚  周年 纪念日 妻子 人物一 补办 婚礼,1
TRAIN_SENT_ID_267335,,赵本山,赵玉芳,赵玉芳 在 赵本山 的 安排 下 ， 从 大连市 公安局 辞职 调入 本山 艺术 学院 工作 。,人物二 人物一 安排  大连市 公安局 辞职 调入 本山 艺术 学院 工作,-1
TRAIN_SENT_ID_249806,,张承中,任家萱,2016 年 3 月 4 日 ， 任家萱 在 社交 网站 Facebook 宣布 与 张承中 离婚 ， 4 月 27 日 任家萱 与 张承中 办理 离婚 手续 。,年  月  日  人物二 社交 网站  宣布 人物一 离婚   月  日 人物二 人物一 办理 离婚 手续,1
TRAIN_SENT_ID_282065,,李度仑,李昌镐,婚礼 上 ， 李昌镐 和 李度仑 透露 ， 他们 将 去 日本 的 小松市 度过 新婚旅行 ， 时间 为 3 天 4 夜 。,婚礼  人物二 人物一 透露  日本 小松市 度过 新婚旅行  时间  天  夜,1
TRAIN_SENT_ID_256765,,许婧,陈赫,2013 年 9 月 中旬 ， 陈赫 与 相恋 十三年 的 女友 许婧 举办 婚礼 。,年  月 中旬  人物二 相恋 十三年 女友 人物一 举办 婚礼,1
TRAIN_SENT_ID_266594,,许晋亨,李嘉欣,2011 年 2 月 8 日 ， 41 岁 香港 女艺人 李嘉欣 ， 于 香港 养 和 医院 产下 她 与 许晋亨 的 儿子 。,年  月  日   岁 香港 女艺人 人物二  香港 养 医院 产下 人物一 儿子,1
TRAIN_SENT_ID_283233,,鲍喜顺,夏淑娟,夏淑娟 2007 年 3 月 36 日 ， 内蒙古 赤峰市 敖汉旗 民政部门 的 工作人员 专程 来到 了 鲍喜顺 的 家中 ， 给 他们 办理 结婚 登记手续 。,人物二  年  月  日  内蒙古 赤峰市 敖汉旗 民政部门 工作人员 专程 来到 人物一 家中  办理 结婚 登记手续,1
TRAIN_SENT_ID_278667,,叶一茜,田亮,田亮 个人 生活 : 2007 年 11 月 29 日 田亮 叶一茜 在 在 西安 香格里拉 饭店 举行 婚礼 。,人物二 个人 生活   年  月  日 人物二 人物一 西安 香格里拉 饭店 举行 婚礼,1
TRAIN_SENT_ID_271644,,毛岸青,毛泽东,毛泽东 主席 对 毛岸青 的 工作 非常 关心 ， 要求 他 努力学习 祖国 的 语言文字 ， 以便 能够 准确 翻译 马列著作 。,人物二 主席 人物一 工作 非常 关心  要求 努力学习 祖国 语言文字  能够 准确 翻译 马列著作,-1
TRAIN_SENT_ID_276620,,韩寒,金丽华,金丽华 韩寒 态度 : 2010 年 6 月 ， 韩寒 出席 某 活动 时 ， 曾 辟谣 过 一次 关于 “ 5 月 小 长假 结婚 ” 的 传闻 。,人物二 人物一 态度   年  月  人物一 出席 活动 时  辟谣 一次   月 长假 结婚  传闻,1
TRAIN_SENT_ID_254102,,霍启刚,郭晶晶,霍启刚 举行 婚礼 : 2012 年 11 月 10 日 ， 霍启刚 和 郭晶晶 在 广州 南沙 举行 婚宴 。,人物一 举行 婚礼   年  月  日  人物一 人物二 广州 南沙 举行 婚宴,1
TRAIN_SENT_ID_261487,,谢依纯,马国毕,结婚 : 马国毕 跟 谢依纯 2010 年 8 月 2 日 才刚 订婚 。,结婚  人物二 人物一  年  月  日 才刚 订婚,1
